Ethnic_Group,Sublabel,Urbanism,Lang_family,Lang_subgroup,Sex,Sample_size,Time of investigation,Time,Latitude (N),Longitude (E),Altitude_range,Region,Stature,Citation,Note
Tibetan,Ü-Tsang,Urban,Sino-Tibetan,Tibeto-Burman,M,273,2019,Late,29.5,94.3,high,"Nyingchi, Tibet",166.78,"Li et al., 2022",
Tibetan,Ü-Tsang,Urban,Sino-Tibetan,Tibeto-Burman,F,257,2019,Late,29.5,94.3,high,"Nyingchi, Tibet",155.66,"Li et al., 2022",
Tibetan,Kham,Urban,Sino-Tibetan,Tibeto-Burman,M,251,2018,Late,27.5,99.5,high,"Shangri-La, Yunnan",168.3,"Li et al., 2022",
Tibetan,Kham,Urban,Sino-Tibetan,Tibeto-Burman,F,340,2018,Late,27.5,99.5,high,"Shangri-La, Yunnan",156.43,"Li et al., 2022",
Tibetan,Amdo,Urban,Sino-Tibetan,Tibeto-Burman,M,221,2021,Late,35.12,102.31,high,"Xiahe, Gansu",168.24,"Li et al., 2022",
Tibetan,Amdo,Urban,Sino-Tibetan,Tibeto-Burman,F,189,2021,Late,35.12,102.31,high,"Xiahe, Gansu",155.99,"Li et al., 2022",
Han,1,Urban,Sino-Tibetan,Sinitic,M,104,1961,Early,43.8,87.6,low,"Urumqi, Xinjiang",169.22,"Xinjiang Uygur Autonomous Region Sanitary and Epidemic Prevention Station, 1961",Measurements used are for individuals over age 18
Han,1,Urban,Sino-Tibetan,Sinitic,F,68,1961,Early,43.8,87.6,low,"Urumqi, Xinjiang",158.2,"Xinjiang Uygur Autonomous Region Sanitary and Epidemic Prevention Station, 1961",Measurements used are for individuals over age 18
Han,3,Urban,Sino-Tibetan,Sinitic,M,170,1974,Early,43.8,126.5,low,"Shenyang, Liaoning ",169.15,"Liaoning Provincial Sanitary and Epidemic Prevention Station, 1978",Measurements used are for individuals over age 18
Han,3,Urban,Sino-Tibetan,Sinitic,F,98,1974,Early,43.8,126.5,low,"Shenyang, Liaoning ",157.78,"Liaoning Provincial Sanitary and Epidemic Prevention Station, 1978",Measurements used are for individuals over age 18
Han,4,Urban,Sino-Tibetan,Sinitic,M,437,1974,Early,28.9,121.6,low,"Dalian, Liaoning",171.44,"Liaoning Provincial Sanitary and Epidemic Prevention Station, 1978",Measurements used are for individuals over age 18
Han,4,Urban,Sino-Tibetan,Sinitic,F,215,1974,Early,28.9,121.6,low,"Dalian, Liaoning",160.66,"Liaoning Provincial Sanitary and Epidemic Prevention Station, 1978",Measurements used are for individuals over age 18
Han,5,Urban,Sino-Tibetan,Sinitic,M,141,1955,Early,39.9,116.4,low,Beijing,168.39,"School Health Teaching and Research Group, 1958",Measurements used are for individuals over age 18
Han,5,Urban,Sino-Tibetan,Sinitic,F,123,1955,Early,39.9,116.4,low,Beijing,157.33,"School Health Teaching and Research Group, 1958",Measurements used are for individuals over age 18
Han,6,Urban,Sino-Tibetan,Sinitic,M,700,1956,Early,37.8,112.5,low,"Taiyuan, Shanxi",167,"Ouyang et al., 1957",Measurements used are for individuals over age 18
Han,6,Urban,Sino-Tibetan,Sinitic,F,393,1956,Early,37.8,112.5,low,"Taiyuan, Shanxi",155.5,"Ouyang et al., 1957",Measurements used are for individuals over age 18
Han,7,Rural,Sino-Tibetan,Sinitic,M,538,1959,Early,37.8,112.5,low,"Taiyuan, Shanxi",166.19,"School Health Teaching and Research Group of Shanxi Provincial Sanitary and Epidemic Prevention Station, 1964",Measurements used are for individuals over age 18
Han,7,Rural,Sino-Tibetan,Sinitic,F,315,1959,Early,37.8,112.5,low,"Taiyuan, Shanxi",156.35,"School Health Teaching and Research Group of Shanxi Provincial Sanitary and Epidemic Prevention Station, 1964",Measurements used are for individuals over age 18
Han,8,Urban,Sino-Tibetan,Sinitic,M,73,1957-1958,Early,34.3,107.1,low,"Baoji, Sha'anXi",163.53,"Shao, 1960",Measurements used are for individuals over age 18
Han,8,Urban,Sino-Tibetan,Sinitic,F,60,1957-1958,Early,34.3,107.1,low,"Baoji, Sha'anXi",153.91,"Shao, 1960",Measurements used are for individuals over age 18
Han,9,Urban,Sino-Tibetan,Sinitic,M,119,1972,Early,36.6,117,low,"Jinan, Shandong",167.16,"Shandong Province Sanitary and Epidemic Prevention Station et al., 1972",Measurements used are for individuals over age 18
Han,9,Urban,Sino-Tibetan,Sinitic,F,141,1972,Early,36.6,117,low,"Jinan, Shandong",156.56,"Shandong Province Sanitary and Epidemic Prevention Station et al., 1972",Measurements used are for individuals over age 18
Han,10,Rural,Sino-Tibetan,Sinitic,M,538,1959,Early,36.6,117,low,"Jinan, Shandong",166.32,"Shandong Province Sanitary and Epidemic Prevention Station, Jinan Sanitary and Epidemic Prevention Station, et al., 1972;",Measurements used are for individuals over age 18
Han,10,Rural,Sino-Tibetan,Sinitic,F,315,1959,Early,36.6,117,low,"Jinan, Shandong",155.7,"Shandong Province Sanitary and Epidemic Prevention Station, Jinan Sanitary and Epidemic Prevention Station, et al., 1972;",Measurements used are for individuals over age 18
Han,11,Urban,Sino-Tibetan,Sinitic,M,796,1955-1956,Early,34.2,117.1,low,"Xuzhou, Jiangsu",167.515,"Yan et al., 1957",Measurements used are for individuals over age 18
Han,11,Urban,Sino-Tibetan,Sinitic,F,201,1955-1956,Early,34.2,117.1,low,"Xuzhou, Jiangsu",159.95,"Yan et al., 1957",Measurements used are for individuals over age 18
Han,12,Urban,Sino-Tibetan,Sinitic,M,56,1955,Early,31.2,121.4,low,Shanghai,167.5,"Zhao, 1956",Measurements used are for individuals over age 18
Han,12,Urban,Sino-Tibetan,Sinitic,F,100,1955,Early,31.2,121.4,low,Shanghai,157.15,"Zhao, 1956",Measurements used are for individuals over age 18
Han,13,Urban,Sino-Tibetan,Sinitic,M,1275,1979,Early,31.2,121.4,low,Shanghai ,171.225,"Zhao, 1982",Measurements used are for individuals over age 18
Han,13,Urban,Sino-Tibetan,Sinitic,F,1272,1979,Early,31.2,121.4,low,Shanghai,159.95,"Zhao, 1982",Measurements used are for individuals over age 18
Han,14(1),Urban,Sino-Tibetan,Sinitic,M,389,1972,Early,30.2,120.1,low,"Hangzhou, Zhejiang",167.79,"Hangzhou Sanitary and Epidemic Prevention Station, 1973",Measurements used are for individuals over age 18
Han,14(1),Urban,Sino-Tibetan,Sinitic,F,426,1972,Early,30.2,120.1,low,"Hangzhou, Zhejiang",157.15,"Hangzhou Sanitary and Epidemic Prevention Station, 1973",Measurements used are for individuals over age 18
Han,14(2),Rural,Sino-Tibetan,Sinitic,M,191,1972,Early,30.2,120.1,low,"Hangzhou, Zhejiang",165.37,"Hangzhou Sanitary and Epidemic Prevention Station, 1973",Measurements used are for individuals over age 18
Han,14(2),Rural,Sino-Tibetan,Sinitic,F,164,1972,Early,30.2,120.1,low,"Hangzhou, Zhejiang",156.59,"Hangzhou Sanitary and Epidemic Prevention Station, 1973",Measurements used are for individuals over age 18
Han,15,Urban,Sino-Tibetan,Sinitic,M,307,1965,Early,28.6,115.9,low,"Nanchang, Jiangxi",163.82,"Jiangxi Provincial Sanitary and Epidemic Prevention Station, 1966",Measurements used are for individuals over age 18
Han,15,Urban,Sino-Tibetan,Sinitic,F,191,1965,Early,28.6,115.9,low,"Nanchang, Jiangxi",154.55,"Jiangxi Provincial Sanitary and Epidemic Prevention Station, 1966",Measurements used are for individuals over age 18
Han,16,Rural,Sino-Tibetan,Sinitic,M,267,1965,Early,25.8,115,low,"Ganzhou, Jiangxi",159.39,"Jiangxi Provincial Sanitary and Epidemic Prevention Station, 1966",Measurements used are for individuals over age 18
Han,16,Rural,Sino-Tibetan,Sinitic,F,69,1965,Early,25.8,115,low,"Ganzhou, Jiangxi",151.64,"Jiangxi Provincial Sanitary and Epidemic Prevention Station, 1966",Measurements used are for individuals over age 18
Han,18,Rural,Sino-Tibetan,Sinitic,M,48,1981,Early,18.7,109.5,low,"Yongzhou, Hunan",162.633,"Wang et al., 1983",
Han,18,Rural,Sino-Tibetan,Sinitic,F,49,1981,Early,18.7,109.5,low,"Yongzhou, Hunan",153.072,"Wang et al., 1983",
Han,19,Urban,Sino-Tibetan,Sinitic,M,147,1958,Early,30.6,104.1,low,"Chengdu, Sichuan",163.48,"Li et al., 1960",Measurements used are for individuals over age 18
Han,19,Urban,Sino-Tibetan,Sinitic,F,152,1958,Early,30.6,104.1,low,"Chengdu, Sichuan",152.78,"Li et al., 1960",Measurements used are for individuals over age 18
Han,20,Urban,Sino-Tibetan,Sinitic,M,172,1980,Early,23.1,108.2,low,"Nanning, Guangxi",163.55,"Zhang & Zhang, 1983",
Han,20,Urban,Sino-Tibetan,Sinitic,F,83,1980,Early,23.1,108.2,low,"Nanning, Guangxi",154.4,"Zhang & Zhang, 1983",
Han,21,Urban,Sino-Tibetan,Sinitic,M,106,1983,Early,23.6,115.8,low,"Guangzhou, Guangdong",162.775,"Huang et al., 1985",
Han,21,Urban,Sino-Tibetan,Sinitic,F,58,1983,Early,23.6,115.8,low,"Guangzhou, Guangdong",151.984,"Huang et al., 1985",
Han,22,Urban,Sino-Tibetan,Sinitic,M,48,1956-1957,Early,22.5,113,low,"Jiangmen, Guangdong",164.06,"Gao & Li, 1959",Measurements used are for individuals over age 18
Han,22,Urban,Sino-Tibetan,Sinitic,F,47,1956-1957,Early,22.5,113,low,"Jiangmen, Guangdong",154.87,"Gao & Li, 1959",Measurements used are for individuals over age 18
Han,23,Rural,Sino-Tibetan,Sinitic,M,48,1980,Early,18.7,109.5,low,Hainan,163.6,"Wu et al., 1994",
Han,23,Rural,Sino-Tibetan,Sinitic,F,49,1980,Early,18.7,109.5,low,Hainan,154.11,"Wu et al., 1994",
Tajiks,1,Rural,Indo-European,Indo-Iranian,M,100,1990,Early,37.7,75.2,low,Xinjiang,166.486,"Shao et al., 1990",
Tajiks,1,Rural,Indo-European,Indo-Iranian,F,54,1990,Early,37.7,75.2,low,Xinjiang,155.344,"Shao et al., 1990",
Kyrgyz,1,Rural,Altaic,Turkic,M,110,1983,Early,43.2,81.8,low,Xinjiang,168.26,"Shao et al., 1987",
Kyrgyz,1,Rural,Altaic,Turkic,F,105,1983,Early,43.2,81.8,low,Xinjiang,155.72,"Shao et al., 1987",
Kyrgyz,2,Urban,Altaic,Turkic,M,439,2017-2018,Late,39.15,75.95,low,"Akto County, Xinjiang",167.35,"Zeng et al., 2021",
Kyrgyz,2,Urban,Altaic,Turkic,F,613,2017-2018,Late,39.15,75.95,low,"Akto County, Xinjiang",155.32,"Zeng et al., 2021",
Kyrgyz,3,Urban,Altaic,Turkic,M,112,2017-2018,Late,46.75,82.99,low,Xinjiang,169.16,"Zeng et al., 2021",
Kyrgyz,3,Urban,Altaic,Turkic,F,106,2017-2018,Late,46.75,82.99,low,Xinjiang,155.74,"Zeng et al., 2021",
Uyghurs,1,Rural,Altaic,Turkic,M,232,1991,Early,43.9,81.3,low,Xinjiang,169.46,"Ai et al., 1993",
Uyghurs,1,Rural,Altaic,Turkic,F,172,1991,Early,43.9,81.3,low,Xinjiang,157.88,"Ai et al., 1993",
Uyghurs,2,Urban,Altaic,Turkic,M,113,1958,Early,39.4,75.9,low,Xinjiang,164.92,"Xinjiang Uygur Autonomous Region Sanitary and Epidemic Prevention Station, 1958",
Uyghurs,2,Urban,Altaic,Turkic,F,144,1958,Early,39.4,75.9,low,Xinjiang,153.81,"Xinjiang Uygur Autonomous Region Sanitary and Epidemic Prevention Station, 1958",
Uyghurs,3,Urban,Altaic,Turkic,M,171,2017,Late,45.75,85.3,low,"Kelamayi,Xinjiang",167.8,"Tu et al., 2017",
Uyghurs,3,Urban,Altaic,Turkic,F,217,2017,Late,45.75,85.3,low,"Kelamayi,Xinjiang",156.8,"Tu et al., 2017",
Kazakhs,1,Rural,Altaic,Turkic,M,152,1985,Early,45.9,83.6,low,Xinjiang,169.29,"Cui et al., 1991",
Kazakhs,1,Rural,Altaic,Turkic,F,106,1985,Early,45.9,83.6,low,Xinjiang,156.2,"Cui et al., 1991",
Kazakhs,2,Urban,Altaic,Turkic,M,262,1991,Early,43.9,81.3,low,"Yili, Xinjiang",169.87,"Ai et al., 2001",
Kazakhs,2,Urban,Altaic,Turkic,F,289,1991,Early,43.9,81.3,low,"Yili, Xinjiang",158.43,"Ai et al., 2001",
Hui,1,Urban,Sino-Tibetan,Sinitic,M,105,1996,Early,35.6,103.1,low,"Linxia, Gansu",167.089,"Dai et al., 1996",
Hui,1,Urban,Sino-Tibetan,Sinitic,F,128,1996,Early,35.6,103.1,low,"Linxia, Gansu",155.36,"Dai et al., 1996",
Hui,2,Rural,Sino-Tibetan,Sinitic,M,182,1995,Early,38.4,106.2,low,Ningxia,167.15,"Zheng et al., 1997",
Hui,2,Rural,Sino-Tibetan,Sinitic,F,212,1995,Early,38.4,106.2,low,Ningxia,156.916,"Zheng et al., 1997",
Hui,3,Rural,Sino-Tibetan,Sinitic,M,135,1993,Early,18.7,109.5,low,Hainan,162.979,"Wu et al., 1994",
Hui,3,Rural,Sino-Tibetan,Sinitic,F,61,1993,Early,18.7,109.5,low,Hainan,153.362,"Wu et al., 1994",
Yugurs ,1,Rural,Altaic,Turkic,M,210,1984,Early,38.8,99.6,low,"Zhanye, Gansu",167.272,"Dai et al., 1987",
Yugurs ,1,Rural,Altaic,Turkic,F,199,1984,Early,38.8,99.6,low,"Zhanye, Gansu",156.276,"Dai et al., 1987",
Salar ,1,Rural,Altaic,Turkic,M,107,1995,Early,35.4,102.4,low,"Xunhua Salar Autonomous County, Qinghai",167.31,"Xi et al., 1995",
Salar ,1,Rural,Altaic,Turkic,F,103,1995,Early,35.4,102.4,low,"Xunhua Salar Autonomous County, Qinghai",155.17,"Xi et al., 1995",
Bonan,1,Rural,Altaic,Mongolic,M,105,1990,Early,35.7,102.8,low,"Linxia, Gansu",163.395,"Yang & Dai, 1990",
Bonan,1,Rural,Altaic,Mongolic,F,103,1990,Early,35.7,102.8,low,"Linxia, Gansu",153.703,"Yang & Dai, 1990",
Tu,1,Rural,Altaic,Mongolic,M,131,1995,Early,36.8,101.9,low,"Huzhu Tu Autonomous County, Qinghai",163.499,"Dai, 1997",
Tu,1,Rural,Altaic,Mongolic,F,120,1995,Early,36.8,101.9,low,"Huzhu Tu Autonomous County, Qinghai",154.397,"Dai, 1997",
Dongxiangs ,1,Rural,Altaic,Mongolic,M,106,1991,Early,35.6,103.3,low,"Dongxiang Autonomous County, Gansu",166.744,"Dai & Yang, 1991",
Dongxiangs ,1,Rural,Altaic,Mongolic,F,101,1991,Early,35.6,103.3,low,"Dongxiang Autonomous County, Gansu",154.237,"Dai & Yang, 1991",
Mongols,1,Rural,Altaic,Mongolic,M,117,1993,Early,43.1,81.3,low,"Ili Kazakh Autonomous Prefecture, Xinjiang",169,"Ai et al., 1994",
Mongols,1,Rural,Altaic,Mongolic,F,92,1993,Early,43.1,81.3,low,"Ili Kazakh Autonomous Prefecture, Xinjiang",156.51,"Ai et al., 1994",
Mongols,2,Rural,Altaic,Mongolic,M,94,1994,Early,42.2,86.8,low,"Bayingolin Mongol Autonomous Prefecture, Xinjiang",167.33,"Zheng et al., 1996",
Mongols,2,Rural,Altaic,Mongolic,F,55,1994,Early,42.2,86.8,low,"Bayingolin Mongol Autonomous Prefecture, Xinjiang",156.471,"Zheng et al., 1996",
Mongols,3,Rural,Altaic,Mongolic,M,208,1991,Early,40.7,107.4,low,"Bayannur League, Inner Mongolia",171.2,"Zhu et al., 1993",
Mongols,3,Rural,Altaic,Mongolic,F,196,1991,Early,40.7,107.4,low,"Bayannur League, Inner Mongolia",157.4,"Zhu et al., 1993",
Mongols,4(1),Urban,Altaic,Mongolic,M,140,1996,Early,42.2,118.9,low,"Chifeng, Inner Mongolia",171.03,"Lǜ et al., 1998",
Mongols,4(1),Urban,Altaic,Mongolic,F,159,1996,Early,42.2,118.9,low,"Chifeng, Inner Mongolia",159.16,"Lǜ et al., 1998",
Mongols,4(2),Rural,Altaic,Mongolic,M,163,1996,Early,42.2,118.9,low,"Chifeng, Inner Mongolia",170.73,"Lǜ et al., 1998",
Mongols,4(2),Rural,Altaic,Mongolic,F,139,1996,Early,42.2,118.9,low,"Chifeng, Inner Mongolia",158.82,"Lǜ et al., 1998",
Mongols,5,Urban,Altaic,Mongolic,M,50,1962,Early,40.8,111.7,low,"Hohhot,Inner Mongolia",167.16,"Feng, 1965",Measurements used are for individuals over age 18
Mongols,5,Urban,Altaic,Mongolic,F,30,1962,Early,40.8,111.7,low,"Hohhot,Inner Mongolia",156.8,"Feng, 1965",Measurements used are for individuals over age 18
Mongols,"6(Yunnan, Katso language)",Rural,Sino-Tibetan,Tibeto-Burman,M,202,2005,Late,24.11,102.77,low,"Yuxi, Yunnan",163.2,"Zheng et al., 2011",
Mongols,"6(Yunnan, Katso language)",Rural,Sino-Tibetan,Tibeto-Burman,F,237,2005,Late,24.11,102.77,low,"Yuxi, Yunnan",152.9,"Zheng et al., 2012",
Mongols,7(Buryat),Rural,Altaic,Mongolic,M,152,2007,Late,48.47,119.49,low,"Hulunbuir, Inner Mongolia",169.54,"Li et al., 2011",
Mongols,7(Buryat),Rural,Altaic,Mongolic,F,158,2007,Late,48.47,119.49,low,"Hulunbuir, Inner Mongolia",155.59,"Li et al., 2011",
Mongols,8(Barag),Rural,Altaic,Mongolic,M,196,2013,Late,48.13,118.18,low,"New Barag Left Banner, Inner Mongolia",169.44,"Li & Zheng, 2016",
Mongols,8(Barag),Rural,Altaic,Mongolic,F,204,2013,Late,48.13,118.18,low,"New Barag Left Banner, Inner Mongolia",156.67,"Li & Zheng, 2016",
Mongols,9(Ordos),Rural,Altaic,Mongolic,M,142,2014,Late,39.05,107.58,low,"Ordos, Inner Mongolia",169.02,"Dalai et al., 2022",
Mongols,9(Ordos),Rural,Altaic,Mongolic,F,194,2014,Late,39.05,107.58,low,"Ordos, Inner Mongolia",157.74,"Dalai et al., 2022",
Mongols,10(Ejina Torgouts),Rural,Altaic,Mongolic,M,84,2015,Late,41.57,101.03,low,"Ejin Banner, Inner Mongolia",170.54,"Dalai et al., 2022",
Mongols,10(Ejina Torgouts),Rural,Altaic,Mongolic,F,112,2015,Late,41.57,101.03,low,"Ejin Banner, Inner Mongolia",157.04,"Dalai et al., 2022",
Mongols,11(Kazuo),Rural,Altaic,Mongolic,M,136,2016,Late,41.07,119.44,low,"Harqin Zuoyi Mongol Autonomous County, Liaoning Province",166.14,"Dalai et al., 2022",
Mongols,11(Kazuo),Rural,Altaic,Mongolic,F,272,2016,Late,41.07,119.44,low,"Harqin Zuoyi Mongol Autonomous County, Liaoning Province",154.93,"Dalai et al., 2022",
Mongols,12(Qinghai khoshut),Rural,Altaic,Mongolic,M,166,2016,Late,37.22,97.22,low,"Haixi Mongol and Tibetan Autonomous Prefecture, Qinghai Province",167.69,"Dalai et al., 2022",
Mongols,12(Qinghai khoshut),Rural,Altaic,Mongolic,F,195,2016,Late,37.22,97.22,low,"Haixi Mongol and Tibetan Autonomous Prefecture, Qinghai Province",156.18,"Dalai et al., 2022",
Mongols,13(Durbert),Rural,Altaic,Mongolic,M,85,2016,Late,46.51,124.26,low,"Dorbod Mongol Autonomous County, Heilongjiang",166.27,"Dalai et al., 2022",
Mongols,13(Durbert),Rural,Altaic,Mongolic,F,155,2016,Late,46.51,124.26,low,"Dorbod Mongol Autonomous County, Heilongjiang",154.6,"Dalai et al., 2022",
Mongols,14(Goerros),Rural,Altaic,Mongolic,M,177,2016,Late,44.36,124.05,low,"Goerros, Jilin",165.32,"Dalai et al., 2022",
Mongols,14(Goerros),Rural,Altaic,Mongolic,F,224,2016,Late,44.36,124.05,low,"Goerros, Jilin",153.6,"Dalai et al., 2022",
Mongols,15(Fuxin),Rural,Altaic,Mongolic,M,158,2016,Late,41.55,121.26,low,"Fuxin, Liaoning",166.1,"Dalai et al., 2022",
Mongols,15(Fuxin),Rural,Altaic,Mongolic,F,246,2016,Late,41.55,121.26,low,"Fuxin, Liaoning",155.69,"Dalai et al., 2022",
Mongols,16,Urban,Altaic,Mongolic,M,89,2017,Late,38.49,105.39,low,Inner Mongolia,167.32,"Dalai et al., 2022",
Mongols,16,Urban,Altaic,Mongolic,F,144,2017,Late,38.49,105.39,low,Inner Mongolia,156.18,"Dalai et al., 2022",
Mongols,17,Rural,Altaic,Mongolic,M,217,2017,Late,45,81.37,low,"Bortala Mongol Autonomous Prefecture, Xinjiang",168.05,"Dalai et al., 2022",
Mongols,17,Rural,Altaic,Mongolic,F,226,2017,Late,45,81.37,low,"Bortala Mongol Autonomous Prefecture, Xinjiang",155.4,"Dalai et al., 2022",
Mongols,18,Rural,Altaic,Mongolic,M,112,2017,Late,44.33,82.38,low,"Bortala Mongol Autonomous Prefecture, Xinjiang",168.62,"Dalai et al., 2022",
Mongols,18,Rural,Altaic,Mongolic,F,127,2017,Late,44.33,82.38,low,"Bortala Mongol Autonomous Prefecture, Xinjiang",157.19,"Dalai et al., 2022",
Manchu,1,Rural,Altaic,Tungusic,M,114,1993,Early,43.6,126.5,low,"Yongji County, Jilin",164.542,"Han et al., 1993",
Manchu,1,Rural,Altaic,Tungusic,F,100,1993,Early,43.6,126.5,low,"Yongji County, Jilin",153.423,"Han et al., 1993",
Manchu,2,Rural,Altaic,Tungusic,M,192,2009,Late,42.04,124.68,low,"Qingyuan Manchu Autonomous County, Liaoning",165.7,"Liu et al., 2010",
Manchu,2,Rural,Altaic,Tungusic,F,198,2009,Late,42.04,124.68,low,"Qingyuan Manchu Autonomous County, Liaoning",155.75,"Liu et al., 2010",
Manchu,3,Rural,Altaic,Tungusic,M,65,not-specified but late,Late,47.69,124.3,low,"Qiqihar, Heilongjiang",167,"Hu et al., 2017",
Manchu,3,Rural,Altaic,Tungusic,F,75,not-specified but late,Late,47.69,124.3,low,"Qiqihar, Heilongjiang",154.15,"Hu et al., 2017",
Sibe,1,-,Altaic,Tungusic,M,130,1983,Early,43.8,81.8,low,"Qapqal Xibe Autonomous County, Xinjiang",169.73,"Shao et al., 1984",
Sibe,1,-,Altaic,Tungusic,F,80,1983,Early,43.8,81.8,low,"Qapqal Xibe Autonomous County, Xinjiang",158.446,"Shao et al., 1984",
Nanai(Hezhe),1,Rural,Altaic,Tungusic,M,52,1983,Early,47.6,132.5,low,"Tongjiang, Heilongjiang",166.71,"Shi et al., 1987",
Nanai(Hezhe),1,Rural,Altaic,Tungusic,F,58,1983,Early,47.6,132.5,low,"Tongjiang, Heilongjiang",155.32,"Shi et al., 1987",
Nanai(Hezhe),2,Rural,Altaic,Tungusic,M,47,not-specified but late,Late,46.75,130.1,low,"Jiamusi, Heilongjiang",165.26,"Hu et al., 2017",
Nanai(Hezhe),2,Rural,Altaic,Tungusic,F,36,not-specified but late,Late,46.75,130.1,low,"Jiamusi, Heilongjiang",151.01,"Hu et al., 2017",
Oroqen(Elunchun),1,Rural,Altaic,Tungusic,M,72,1980,Early,50.6,123.6,low,"Oroqen Autonomous Banner, Inner Mongolia",159.79,"Chen & Du, 1983",
Oroqen(Elunchun),1,Rural,Altaic,Tungusic,F,117,1980,Early,50.6,123.6,low,"Oroqen Autonomous Banner, Inner Mongolia",148.28,"Chen & Du, 1983",
Oroqen(Elunchun),2,Rural,Altaic,Tungusic,M,75,not-specified but late,Late,52.42,125.93,low,"Daxing'anling Prefecture, Heilongjiang",168.3,"Hu et al., 2017",
Oroqen(Elunchun),2,Rural,Altaic,Tungusic,F,82,not-specified but late,Late,52.42,125.93,low,"Daxing'anling Prefecture, Heilongjiang",155.17,"Hu et al., 2017",
Evenks(Ewenke),1,Rural,Altaic,Tungusic,M,211,1980,Early,50.8,121.5,low,"Ergun, Inner Mongolia",164.42,"Chen & Du, 1983",
Evenks(Ewenke),1,Rural,Altaic,Tungusic,F,255,1980,Early,50.8,121.5,low,"Ergun, Inner Mongolia",152.07,"Chen & Du, 1983",
Evenks(Ewenke),2,Rural,Altaic,Tungusic,M,123,,Late,48.38,119.17,low,"Hulunbuir, Inner Mongolia",166.41,"Hu et al., 2017",
Evenks(Ewenke),2,Rural,Altaic,Tungusic,F,64,,Late,48.38,119.17,low,"Hulunbuir, Inner Mongolia",155.27,"Hu et al., 2017",
Koreans,1,-,Altaic,Koreanic ,M,236,1979,Early,42.9,129.5,low,"Yanbian Korean Autonomous Prefecture, Jilin",164.34,"Zhang, 1986",
Koreans,1,-,Altaic,Koreanic ,F,177,1979,Early,42.9,129.5,low,"Yanbian Korean Autonomous Prefecture, Jilin",154.73,"Zhang, 1986",
Daur,1,Rural,Altaic,Mongolic,M,187,1996,Early,48.5,124.5,low,"Morin Dawa Daur Autonomous Banner, Inner Mongolia",169.4,"Zhu et al., 1996",
Daur,1,Rural,Altaic,Mongolic,F,240,1996,Early,48.5,124.5,low,"Morin Dawa Daur Autonomous Banner, Inner Mongolia",157.8,"Zhu et al., 1996",
Daur,2,Rural,Altaic,Mongolic,M,144,1980,Early,47.3,123.9,low,"Qiqihar, Heilongjiang",164.77,"Shi et al., 1983",
Daur,2,Rural,Altaic,Mongolic,F,83,1980,Early,47.3,123.9,low,"Qiqihar, Heilongjiang",153.53,"Shi et al., 1983",
Tibetan,1,Rural,Sino-Tibetan,Tibeto-Burman,M,22,1959,Early,33.9,102,high,"Gannan, Gansu",163.152,"Gansu Provincial Health Epidemic Prevention Station, 1960",Measurements used are for individuals over age 18
Tibetan,1,Rural,Sino-Tibetan,Tibeto-Burman,F,6,1959,Early,33.9,102,high,"Gannan, Gansu",151.382,"Gansu Provincial Health Epidemic Prevention Station, 1960",Measurements used are for individuals over age 18
Tibetan,2,Rural,Sino-Tibetan,Tibeto-Burman,M,283,1982,Early,32.7,102.5,high,Sichuan,163.37,"Luzhou Medical College et al., 1984",
Tibetan,2,Rural,Sino-Tibetan,Tibeto-Burman,F,90,1982,Early,32.7,102.5,high,Sichuan,153.1,"Luzhou Medical College et al., 1984",
Tibetan,3,Rural,Sino-Tibetan,Tibeto-Burman,M,294,1982,Early,31.9,102.2,high,Sichuan,164.98,"Luzhou Medical College et al., 1984",
Tibetan,3,Rural,Sino-Tibetan,Tibeto-Burman,F,271,1982,Early,31.9,102.2,high,Sichuan,154.54,"Luzhou Medical College et al., 1984",
Tibetan,5,Rural,Sino-Tibetan,Tibeto-Burman,M,693,1965,Early,29.41,91.1,high,Tibet,162.934,"Xia & Wu, 1982",
Tibetan,5,Rural,Sino-Tibetan,Tibeto-Burman,F,667,1965,Early,29.41,91.1,high,Tibet,152.691,"Xia & Wu, 1982",
Tibetan,6,Rural,Sino-Tibetan,Tibeto-Burman,M,50,2007,Late,30,95.9,high,"Tibet,Sichuan ",169.2,"He et al., 2009",
Tibetan,6,Rural,Sino-Tibetan,Tibeto-Burman,F,53,2007,Late,30,95.9,high,"Tibet,Sichuan ",157.2,"He et al., 2009",
Qiang,1,Rural,Sino-Tibetan,Tibeto-Burman,M,260,1982,Early,31.6,103.8,low,Sichuan,161.077,"Luzhou Medical College et al., 1984",
Qiang,1,Rural,Sino-Tibetan,Tibeto-Burman,F,263,1982,Early,31.6,103.8,low,Sichuan,151.18,"Luzhou Medical College et al., 1984",
Yi,1,Rural,Sino-Tibetan,Tibeto-Burman,M,93,1951,Early,27.9,102.2,low,Sichuan,166.63,"Xia et al., 1982",
Yi,2,Rural,Sino-Tibetan,Tibeto-Burman,M,527,1979,Early,25.5,102.4,low,Yunnan,162.556,"Xia et al., 1982",
Yi,2,Rural,Sino-Tibetan,Tibeto-Burman,F,624,1979,Early,25.5,102.4,low,Yunnan,151.413,"Xia et al., 1982",
Yi,3,Rural,Sino-Tibetan,Tibeto-Burman,M,88,1984,Early,24.7,105.3,low,Guangxi,157.46,"Pang et al., 1987",
Yi,3,Rural,Sino-Tibetan,Tibeto-Burman,F,90,1984,Early,24.7,105.3,low,Guangxi,147.52,"Pang et al., 1987",
Yi,4,Rural,Sino-Tibetan,Tibeto-Burman,M,197,2013,Late,28.02,102.85,low,Sichuan,163.41,"Yu et al., 2018",
Yi,4,Rural,Sino-Tibetan,Tibeto-Burman,F,205,2013,Late,28.02,102.85,low,Sichuan,153.81,"Yu et al., 2018",
Lisu,1,Rural,Sino-Tibetan,Tibeto-Burman,M,100,1990,Early,25.5,102.3,low,Yunnan,158.668,"Liu et al., 1990",
Lisu,1,Rural,Sino-Tibetan,Tibeto-Burman,F,70,1990,Early,25.5,102.3,low,Yunnan,148.886,"Liu et al., 1990",
Nakh,1,Rural,Sino-Tibetan,Tibeto-Burman,M,94,1992,Early,26.8,100.2,low,Yunnan,165.923,"Liu et al., 1992",
Nakh,1,Rural,Sino-Tibetan,Tibeto-Burman,F,106,1992,Early,26.8,100.2,low,Yunnan,155.43,"Liu et al., 1992",
Pumi,1,Rural,Sino-Tibetan,Tibeto-Burman,M,120,1995,Early,27.2,100.8,low,Yunnan,166.523,"Li et al., 1995",
Pumi,1,Rural,Sino-Tibetan,Tibeto-Burman,F,110,1995,Early,27.2,100.8,low,Yunnan,154.044,"Li et al., 1995",
Miao,1,Rural,Sino-Tibetan,Hmong-Mien,M,203,1994,Early,27.9,109.6,low,Hunan,160.444,"Ren et al., 1996",
Miao,1,Rural,Sino-Tibetan,Hmong-Mien,F,203,1994,Early,27.9,109.6,low,Hunan,150.87,"Ren et al., 1996",
Miao,3,Rural,Sino-Tibetan,Hmong-Mien,M,108,1994,Early,25.5,102.4,low,"Kunming, Yunnan",153.466,"Yu et al., 1994",
Miao,3,Rural,Sino-Tibetan,Hmong-Mien,F,66,1994,Early,25.5,102.4,low,"Kunming, Yunnan",143.478,"Yu et al., 1994",
Miao,4,Rural,Sino-Tibetan,Hmong-Mien,M,394,1984,Early,24.7,105.3,low,Guangxi,155.69,"Pang et al., 1987",
Miao,4,Rural,Sino-Tibetan,Hmong-Mien,F,181,1984,Early,24.7,105.3,low,Guangxi,145.95,"Pang et al., 1987",
Miao,5,Rural,Sino-Tibetan,Hmong-Mien,M,122,1980,Early,18.7,109.5,low,Hainan,160.272,"Zhang & Zhang, 1982",
Miao,5,Rural,Sino-Tibetan,Hmong-Mien,F,89,1980,Early,18.7,109.5,low,Hainan,149.03,"Zhang & Zhang, 1982",
Miao,6,Rural,Sino-Tibetan,Hmong-Mien,M,196,2004,Late,26.84,107.29,low,"Fuquan, Guizhou",154.21,"Yu et al., 2007",
Miao,6,Rural,Sino-Tibetan,Hmong-Mien,F,178,2004,Late,26.84,107.29,low,"Fuquan, Guizhou",144.32,"Yu et al., 2007",
Tujia,1,Rural,Sino-Tibetan,Tibeto-Burman,M,668,1980,Early,29.4,109.6,low,Hunan,159.26,"Luo et al., 1985",
Tujia,1,Rural,Sino-Tibetan,Tibeto-Burman,F,370,1980,Early,29.4,109.6,low,Hunan,148.76,"Luo et al., 1985",
Gelao,1,Rural,Sino-Tibetan,Kra-Dai,M,198,1994,Early,28.8,107.5,low,Guizhou,161.9,"Liang et al., 1994",
Gelao,1,Rural,Sino-Tibetan,Kra-Dai,F,187,1994,Early,28.8,107.5,low,Guizhou,149.79,"Liang et al., 1994",
Gelao,2,Rural,Sino-Tibetan,Kra-Dai,M,38,1989,Early,24.7,105.3,low,Guangxi,160.379,"Liang et al., 1989",
Gelao,2,Rural,Sino-Tibetan,Kra-Dai,F,33,1989,Early,24.7,105.3,low,Guangxi,147.185,"Liang et al., 1989",
Gelao,3,Rural,Sino-Tibetan,Kra-Dai,M,204,2001,Late,28.88,107.6,low,"Zunyi,Guizhou",158.2,"Huang et al., 2002",
Gelao,3,Rural,Sino-Tibetan,Kra-Dai,F,205,2001,Late,28.88,107.6,low,"Zunyi,Guizhou",152.3,"Huang et al., 2002",
She,1,Rural,Sino-Tibetan,Hmong-Mien,M,193,1982,Early,30.6,118.9,low,Anhui,162.47,"Gu et al., 1985",
She,1,Rural,Sino-Tibetan,Hmong-Mien,F,205,1982,Early,30.6,118.9,low,Anhui,152.46,"Gu et al., 1985",
She,2,Rural,Sino-Tibetan,Hmong-Mien,M,212,1996,Early,27.1,119.6,low,Fujian,163.223,"Zeng et al., 1996",
She,2,Rural,Sino-Tibetan,Hmong-Mien,F,200,1996,Early,27.1,119.6,low,Fujian,152.725,"Zeng et al., 1996",
Sui(Shui),1,Rural,Sino-Tibetan,Kra-Dai,M,203,1994,Early,26,107.8,low,Guizhou,160.138,"Li et al., 1994",
Sui(Shui),1,Rural,Sino-Tibetan,Kra-Dai,F,204,1994,Early,26,107.8,low,Guizhou,147.723,"Li et al., 1994",
Bai,1,Rural,Sino-Tibetan,Tibeto-Burman,M,557,1979,Early,25.6,100.1,low,"Dali, Yunnan",163.79,"Chen et al., 1982",
Bai,1,Rural,Sino-Tibetan,Tibeto-Burman,F,534,1979,Early,25.6,100.1,low,"Dali, Yunnan",153.28,"Chen et al., 1982",
Lahu ,1,Rural,Sino-Tibetan,Tibeto-Burman,M,127,2001,Late,22.5,99.9,low,Yunnan,157.596,"Li et al., 2001",
Lahu ,1,Rural,Sino-Tibetan,Tibeto-Burman,F,105,2001,Late,22.5,99.9,low,Yunnan,147.256,"Li et al., 2001",
Hani,1,Rural,Sino-Tibetan,Tibeto-Burman,M,248,1980,Early,22.5,101.8,low,"Puer, Yunnan",159.41,"Wang et al., 1982",
Hani,1,Rural,Sino-Tibetan,Tibeto-Burman,F,253,1980,Early,22.5,101.8,low,"Puer, Yunnan",149.78,"Wang et al., 1982",
Jinuo,1,Rural,Sino-Tibetan,Tibeto-Burman,M,535,1979,Early,22,100.8,low,"Jinghong, Yunnan",156.54,"Dai et al., 1982",
Jinuo,1,Rural,Sino-Tibetan,Tibeto-Burman,F,450,1979,Early,22,100.8,low,"Jinghong, Yunnan",146.51,"Dai et al., 1982",
Jinuo,2,Rural,Sino-Tibetan,Tibeto-Burman,M,279,2015,Late,22.04,101.01,low,"Jinghong, Yunnan",158.3,"Bao et al., 2021",
Jinuo,2,Rural,Sino-Tibetan,Tibeto-Burman,F,321,2015,Late,22.04,101.01,low,"Jinghong, Yunnan",147.88,"Bao et al., 2021",
Achang,1,Rural,Sino-Tibetan,Tibeto-Burman,M,143,1990,Early,24.8,98.2,low,Yunnan,162.892,"Li et al., 1992",
Achang,1,Rural,Sino-Tibetan,Tibeto-Burman,F,117,1990,Early,24.8,98.2,low,Yunnan,152.215,"Li et al., 1992",
Jingpo,1,Rural,Sino-Tibetan,Tibeto-Burman,M,105,1989,Early,24.4,98.5,low,Yunnan,160.73,"Li et al., 1989",
Jingpo,1,Rural,Sino-Tibetan,Tibeto-Burman,F,156,1989,Early,24.4,98.5,low,Yunnan,149.996,"Li et al., 1989",
Dong,1,Rural,Sino-Tibetan,Kra-Dai,M,295,1984,Early,26.1,109.7,low,Hunan,159.4,"Liu & Zou, 1988",
Dong,1,Rural,Sino-Tibetan,Kra-Dai,F,280,1984,Early,26.1,109.7,low,Hunan,147.52,"Liu & Zou, 1988",
Dong,2,Rural,Sino-Tibetan,Kra-Dai,M,159,1984,Early,26.9,109.2,low,Guizhou,160.76,"Chen, 1987",
Dong,2,Rural,Sino-Tibetan,Kra-Dai,F,139,1984,Early,26.9,109.2,low,Guizhou,148.56,"Chen, 1987",
Dong,3,Rural,Sino-Tibetan,Kra-Dai,M,204,1989,Early,25.7,109.5,low,Guangxi,157.93,"Pang et al., 1989",
Dong,3,Rural,Sino-Tibetan,Kra-Dai,F,201,1989,Early,25.7,109.5,low,Guangxi,147.91,"Pang et al., 1989",
Dong,4,Rural,Sino-Tibetan,Kra-Dai,M,232,2010-2016,Late,30.3,109.49,low,Hubei,158.26,"Pi et al., 2016",
Dong,4,Rural,Sino-Tibetan,Kra-Dai,F,216,2010-2016,Late,30.3,109.49,low,Hubei,147.68,"Pi et al., 2016",
Yao,1,Rural,Sino-Tibetan,Hmong-Mien,M,295,1981,Early,27,111.7,low,Hunan,159.712,"Wang et al., 1983",
Yao,1,Rural,Sino-Tibetan,Hmong-Mien,F,280,1981,Early,27,111.7,low,Hunan,149.283,"Wang et al., 1983",
Yao,2,Rural,Sino-Tibetan,Hmong-Mien,M,159,1986,Early,23.5,107.2,low,Guangxi,156.83,"Pang et al., 1988",
Yao,2,Rural,Sino-Tibetan,Hmong-Mien,F,139,1986,Early,23.5,107.2,low,Guangxi,147.26,"Pang et al., 1988",
Yao,3,Rural,Sino-Tibetan,Hmong-Mien,M,204,1964,Early,24,110.2,low,Guangxi,156.81,"Wu & Xia, 1982",
Yao,3,Rural,Sino-Tibetan,Hmong-Mien,F,200,1964,Early,24,110.2,low,Guangxi,149.23,"Wu & Xia, 1982",
Zhuang,1,Rural,Sino-Tibetan,Kra-Dai,M,245,1980,Early,23,108.2,low,Guangxi,163.5,"Zhang & Zhang, 1983",
Zhuang,1,Rural,Sino-Tibetan,Kra-Dai,F,61,1980,Early,23,108.2,low,Guangxi,155.1,"Zhang & Zhang, 1983",
Zhuang,2,Rural,Sino-Tibetan,Kra-Dai,M,166,2003,Late,23.23,105.5,low,Guangxi,159.91,"Li et al., 2004",
Zhuang,2,Rural,Sino-Tibetan,Kra-Dai,F,166,2003,Late,23.23,105.5,low,Guangxi,148.83,"Li et al., 2004",
Hlai(Li),1,Rural,Sino-Tibetan,Kra-Dai,M,470,1980,Early,18.7,109.5,low,Hainan,163.01,"Zhang & Zhang, 1982",
Hlai(Li),1,Rural,Sino-Tibetan,Kra-Dai,F,137,1980,Early,18.7,109.5,low,Hainan,154,"Zhang & Zhang, 1982",
Hlai(Li),2,Rural,Sino-Tibetan,Kra-Dai,M,98,1980,Early,18.7,109.5,low,Hainan,163.365,"Zhang & Zhang, 1982",
Hlai(Li),2,Rural,Sino-Tibetan,Kra-Dai,F,70,1980,Early,18.7,109.5,low,Hainan,150.991,"Zhang & Zhang, 1982",
Hlai(Li),3,Rural,Sino-Tibetan,Kra-Dai,M,62,1980,Early,18.7,109.5,low,Hainan,164.008,"Zhang & Zhang, 1982",
Hlai(Li),3,Rural,Sino-Tibetan,Kra-Dai,F,61,1980,Early,18.7,109.5,low,Hainan,153.438,"Zhang & Zhang, 1982",
Hlai(Li),4,Rural,Sino-Tibetan,Kra-Dai,M,51,1980,Early,18.7,109.5,low,Hainan,163.673,"Zhang & Zhang, 1982",
Hlai(Li),4,Rural,Sino-Tibetan,Kra-Dai,F,51,1980,Early,18.7,109.5,low,Hainan,153.635,"Zhang & Zhang, 1982",
Hlai(Li),5,Rural,Sino-Tibetan,Kra-Dai,M,52,1980,Early,18.7,109.5,low,Hainan,163.433,"Zhang & Zhang, 1982",
Hlai(Li),5,Rural,Sino-Tibetan,Kra-Dai,F,46,1980,Early,18.7,109.5,low,Hainan,151.35,"Zhang & Zhang, 1982",
Hlai(Li),6,Rural,Sino-Tibetan,Kra-Dai,M,65,1980,Early,18.7,109.5,low,Hainan,164.114,"Zhang & Zhang, 1982",
Hlai(Li),6,Rural,Sino-Tibetan,Kra-Dai,F,76,1980,Early,18.7,109.5,low,Hainan,152.725,"Zhang & Zhang, 1982",
Dai,1,Rural,Sino-Tibetan,Kra-Dai,M,515,1979,Early,24,97.8,low,Yunnan,161.744,"Wu et al., 1982",
Dai,1,Rural,Sino-Tibetan,Kra-Dai,F,534,1979,Early,24,97.8,low,Yunnan,152.219,"Wu et al., 1982",
Dai,2,Rural,Sino-Tibetan,Kra-Dai,M,197,2013,Late,21.96,100.45,low,Yunnan,160.8,"Yu et al., 2017",
Dai,2,Rural,Sino-Tibetan,Kra-Dai,F,205,2013,Late,21.96,100.45,low,Yunnan,152.21,"Yu et al., 2017",
De'ang,1,Rural,Austroasiatic,Mon-Khmer,M,47,1982,Early,24.4,98.5,low,Yunnan,159.97,"Xu & Shao, 1985",
De'ang,1,Rural,Austroasiatic,Mon-Khmer,F,48,1982,Early,24.4,98.5,low,Yunnan,147.75,"Xu & Shao, 1985",
Bulang,1,Rural,Austroasiatic,Mon-Khmer,M,576,1980,Early,22,100.8,low,Yunnan,155.48,"Guo et al., 1982",
Bulang,1,Rural,Austroasiatic,Mon-Khmer,F,399,1980,Early,22,100.8,low,Yunnan,146.22,"Guo et al., 1982",
Bulang,2,Rural,Austroasiatic,Mon-Khmer,M,248,2015,Late,21.96,100.46,low,Yunnan,158.49,"Yu et al., 2020",
Bulang,2,Rural,Austroasiatic,Mon-Khmer,F,356,2015,Late,21.96,100.46,low,Yunnan,147.98,"Yu et al., 2020",
Tibetan,BaimaTibetan1,Rural,Sino-Tibetan,Tibeto-Burman,M,254,1984,Early,33.2,104.2,high,"Aba, Sichuan",164.29,"Luzhou Medical College et al., 1984",
Tibetan,BaimaTibetan1,Rural,Sino-Tibetan,Tibeto-Burman,F,240,1984,Early,33.2,104.2,high,"Aba, Sichuan",153.37,"Luzhou Medical College et al., 1984",
Tibetan,BaimaTibetan2,Rural,Sino-Tibetan,Tibeto-Burman,M,93,2015,Late,32.24,104.31,high,"Pingwu, Sichuan",165.48,"Zhang et al., 2020",
Tibetan,BaimaTibetan2,Rural,Sino-Tibetan,Tibeto-Burman,F,140,2015,Late,32.24,104.31,high,"Pingwu, Sichuan",154.54,"Zhang et al., 2020",
Lairen,1,Rural,Sino-Tibetan,Tibeto-Burman,M,60,1992,Early,24.7,105.3,low,Guangxi,157.77,"Zhu et al., 1992",
Lairen,1,Rural,Sino-Tibetan,Tibeto-Burman,F,51,1992,Early,24.7,105.3,low,Guangxi,147.7,"Zhu et al., 1992",
Sherpa,1,Rural,Sino-Tibetan,Tibeto-Burman,M,98,2016,Late,27.9,87.25,high,"Rikaze, Tibet",160.94,"Yu et al., 2022",
Sherpa,1,Rural,Sino-Tibetan,Tibeto-Burman,F,84,2016,Late,27.9,87.25,high,"Rikaze, Tibet",151.62,"Yu et al., 2022",
Menba,1,Rural,Sino-Tibetan,Tibeto-Burman,M,69,2007,Late,27.99,91.96,high,"Cuona, Tibet",163.78,"Zheng et al., 2009",
Menba,1,Rural,Sino-Tibetan,Tibeto-Burman,F,59,2007,Late,27.99,91.96,high,"Cuona, Tibet",152.08,"Zheng et al., 2009",
Menba,2,Rural,Sino-Tibetan,Tibeto-Burman,M,98,2016,Late,38.44,94.75,high,"Motuo, Tibet",162.13,"Xiang et al., 2021",
Menba,2,Rural,Sino-Tibetan,Tibeto-Burman,F,178,2016,Late,38.44,94.75,high,"Motuo, Tibet",151.033,"Xiang et al., 2021",
Luoba,1,Rural,Sino-Tibetan,Tibeto-Burman,M,56,2007,Late,29.21,94.2,high,"Linzhi, Tibet ",164.83,"Zheng et al., 2009",
Luoba,1,Rural,Sino-Tibetan,Tibeto-Burman,F,60,2007,Late,29.21,94.2,high,"Linzhi, Tibet ",153.6,"Zheng et al., 2009",
Luoba,2,Rural,Sino-Tibetan,Tibeto-Burman,M,34,2016,Late,38.44,94.75,high,"Muotuo, Tibet",165.974,"Xiang et al., 2021",
Luoba,2,Rural,Sino-Tibetan,Tibeto-Burman,F,59,2016,Late,38.44,94.75,high,"Muotuo, Tibet",152.48,"Xiang et al., 2021",
Uzbeks,1,Rural,Altaic,Turkic,M,106,2002,Late,43.54,81.16,low,"Yining, Xinjiang ",168.54,"Zheng et al., 2004",
Uzbeks,1,Rural,Altaic,Turkic,F,88,2002,Late,43.54,81.16,low,"Yining, Xinjiang ",155.55,"Zheng et al., 2004",
Tatars,1,Rural,Altaic,Turkic,M,102,1999,Early,44.03,89.58,low,Xinjiang,170.71,"Cui et al., 2004",
Tatars,1,Rural,Altaic,Turkic,F,84,1999,Early,44.03,89.58,low,Xinjiang,158.27,"Cui et al., 2004",
Russians,1,Rural,Indo-European,Indo-European,M,186,2003,Late,51,119.9,low,Inner Mongolia,167.67,"Lu et al., 2005",
Russians,1,Rural,Indo-European,Indo-European,F,150,2003,Late,51,119.9,low,Inner Mongolia,155.85,"Lu et al., 2005",
Bouyei,1,Rural,Sino-Tibetan,Kra-Dai,M,379,2003,Late,25.25,106.45,low,Guizhou,160.24,"Yu et al., 2005",
Bouyei,1,Rural,Sino-Tibetan,Kra-Dai,F,394,2003,Late,25.25,106.45,low,Guizhou,150.4,"Yu et al., 2005",
Mulao,1,Rural,Sino-Tibetan,Kra-Dai,M,232,2004,Late,24.78,108.91,low,Guangxi,162.98,"Zheng et al., 2006",
Mulao,1,Rural,Sino-Tibetan,Kra-Dai,F,233,2004,Late,24.78,108.91,low,Guangxi,151.43,"Zheng et al., 2006",
Han,24(1),Urban,Sino-Tibetan,Sinitic,M,157,2013,Late,46,126.6,low,"Harbin, Heilongjiang",168.82,"Zheng et al., 2017",
Han,24(1),Urban,Sino-Tibetan,Sinitic,F,171,2013,Late,46,126.6,low,"Harbin, Heilongjiang",157.79,"Zheng et al., 2017",
Han,24(2),Rural,Sino-Tibetan,Sinitic,M,200,2013,Late,46,126.6,low,"Harbin, Heilongjiang",167.69,"Zheng et al., 2017",
Han,24(2),Rural,Sino-Tibetan,Sinitic,F,202,2013,Late,46,126.6,low,"Harbin, Heilongjiang",155.88,"Zheng et al., 2017",
Han,25(1),Urban,Sino-Tibetan,Sinitic,M,148,2013,Late,44.8,126.6,low,"Yushu, Jilin",168.9,"Zheng et al., 2017",
Han,25(1),Urban,Sino-Tibetan,Sinitic,F,165,2013,Late,44.8,126.6,low,"Yushu, Jilin",157.21,"Zheng et al., 2017",
Han,25(2),Rural,Sino-Tibetan,Sinitic,M,185,2013,Late,44.8,126.6,low,"Yushu, Jilin",167.39,"Zheng et al., 2017",
Han,25(2),Rural,Sino-Tibetan,Sinitic,F,200,2013,Late,44.8,126.6,low,"Yushu, Jilin",155.84,"Zheng et al., 2017",
Han,26(1),Urban,Sino-Tibetan,Sinitic,M,145,2013,Late,45.4,121.7,low,"Wulanhaote, Inner Mongolia",168.75,"Zheng et al., 2017",
Han,26(1),Urban,Sino-Tibetan,Sinitic,F,175,2013,Late,45.4,121.7,low,"Wulanhaote, Inner Mongolia",157.47,"Zheng et al., 2017",
Han,26(2),Rural,Sino-Tibetan,Sinitic,M,256,2013,Late,45.4,121.7,low,"Wulanhaote, Inner Mongolia",165.73,"Zheng et al., 2017",
Han,26(2),Rural,Sino-Tibetan,Sinitic,F,262,2013,Late,45.4,121.7,low,"Wulanhaote, Inner Mongolia",154.12,"Zheng et al., 2017",
Han,27(1),Urban,Sino-Tibetan,Sinitic,M,239,2009,Late,41.5,121.2,low,"Jinzhou, Liaoning Province",170.88,"Zheng et al., 2017",
Han,27(1),Urban,Sino-Tibetan,Sinitic,F,249,2009,Late,41.5,121.2,low,"Jinzhou, Liaoning Province",158.97,"Zheng et al., 2017",
Han,27(2),Rural,Sino-Tibetan,Sinitic,M,486,2009,Late,42.8,124.1,low,"Jinzhou, Liaoning Province",166.71,"Zheng et al., 2017",
Han,27(2),Rural,Sino-Tibetan,Sinitic,F,491,2009,Late,42.8,124.1,low,"Jinzhou, Liaoning Province",155.29,"Zheng et al., 2017",
Han,29(1),Urban,Sino-Tibetan,Sinitic,M,251,after 2008,Late,40.8,114.9,low,"Zhangjiakou, Hebei",167.71,"Zheng et al., 2017","Unreported date, project started in 2008"
Han,29(1),Urban,Sino-Tibetan,Sinitic,F,251,after 2008,Late,40.8,114.9,low,"Zhangjiakou, Hebei",157.27,"Zheng et al., 2017","Unreported date, project started in 2008"
Han,29(2),Rural,Sino-Tibetan,Sinitic,M,500,after 2008,Late,40.8,114.9,low,"Zhangjiakou, Hebei",167.768,"Zheng et al., 2017","Unreported date, project started in 2008"
Han,29(2),Rural,Sino-Tibetan,Sinitic,F,500,after 2008,Late,40.8,114.9,low,"Zhangjiakou, Hebei",155.45,"Zheng et al., 2017","Unreported date, project started in 2008"
Han,30(1),Urban,Sino-Tibetan,Sinitic,M,149,2013,Late,38.8,115.5,low,"Baoding, Hebei ",169.9,"Zheng et al., 2017",
Han,30(1),Urban,Sino-Tibetan,Sinitic,F,163,2013,Late,38.8,115.5,low,"Baoding, Hebei ",157.9,"Zheng et al., 2017",
Han,30(2),Rural,Sino-Tibetan,Sinitic,M,185,2013,Late,38.8,115.5,low,"Baoding, Hebei ",170.02,"Zheng et al., 2017",
Han,30(2),Rural,Sino-Tibetan,Sinitic,F,200,2013,Late,38.8,115.5,low,"Baoding, Hebei ",157.42,"Zheng et al., 2017",
Han,31(1),Urban,Sino-Tibetan,Sinitic,M,150,2009,Late,37.4,112.4,low,"Jinzhong, Shanxi",167.52,"Zheng et al., 2017",
Han,31(1),Urban,Sino-Tibetan,Sinitic,F,153,2009,Late,37.4,112.4,low,"Jinzhong, Shanxi",155.81,"Zheng et al., 2017",
Han,31(2),Rural,Sino-Tibetan,Sinitic,M,251,2009,Late,37.4,112.4,low,"Jinzhong, Shanxi",166.05,"Zheng et al., 2017",
Han,31(2),Rural,Sino-Tibetan,Sinitic,F,249,2009,Late,37.4,112.4,low,"Jinzhong, Shanxi",153.9,"Zheng et al., 2017",
Han,32(1),Urban,Sino-Tibetan,Sinitic,M,156,2009,Late,36.9,118.8,low,"Weifang, Shandong",170.09,"Zheng et al., 2017",
Han,32(1),Urban,Sino-Tibetan,Sinitic,F,150,2009,Late,36.9,118.8,low,"Weifang, Shandong",158.44,"Zheng et al., 2017",
Han,32(2),Rural,Sino-Tibetan,Sinitic,M,272,2009,Late,36.9,118.8,low,"Weifang, Shandong",167.2,"Zheng et al., 2017",
Han,32(2),Rural,Sino-Tibetan,Sinitic,F,200,2009,Late,36.9,118.8,low,"Weifang, Shandong",156.56,"Zheng et al., 2017",
Han,33(1),Urban,Sino-Tibetan,Sinitic,M,200,2014,Late,32.9,112.5,low,"Nanyang, Henan",167.78,"Zheng et al., 2017",
Han,33(1),Urban,Sino-Tibetan,Sinitic,F,200,2014,Late,32.9,112.5,low,"Nanyang, Henan",157.31,"Zheng et al., 2017",
Han,33(2),Rural,Sino-Tibetan,Sinitic,M,700,2014,Late,32.5,112.3,low,"Nanyang, Henan",166.68,"Zheng et al., 2017",
Han,33(2),Rural,Sino-Tibetan,Sinitic,F,700,2014,Late,32.5,112.3,low,"Nanyang, Henan",155.78,"Zheng et al., 2017",
Han,35,Urban,Sino-Tibetan,Sinitic,M,207,2010,Late,34.3,108.9,low,"Xi'an, Shaanxi",168.59,"Zheng et al., 2017",
Han,35,Urban,Sino-Tibetan,Sinitic,F,222,2010,Late,34.3,108.9,low,"Xi'an, Shaanxi",157.8,"Zheng et al., 2017",
Han,36,Rural,Sino-Tibetan,Sinitic,M,503,2010,Late,34.8,109.1,low,"Weinan, Shaanxi",168.07,"Zheng et al., 2017",
Han,36,Rural,Sino-Tibetan,Sinitic,F,505,2010,Late,34.8,109.1,low,"Weinan, Shaanxi",155.85,"Zheng et al., 2017",
Han,38,Urban,Sino-Tibetan,Sinitic,M,200,after 2008,Late,36.1,103.8,low,"Lanzhou, Gansu ",168.15,"Zheng et al., 2017","Unreported date, project started in 2008"
Han,38,Urban,Sino-Tibetan,Sinitic,F,206,after 2008,Late,36.1,103.8,low,"Lanzhou, Gansu ",156.32,"Zheng et al., 2017","Unreported date, project started in 2008"
Han,39,Rural,Sino-Tibetan,Sinitic,M,448,after 2008,Late,36,105,low,"Pingliang&Wuwei, Gansu",166.41,"Zheng et al., 2017","Unreported date, project started in 2008"
Han,39,Rural,Sino-Tibetan,Sinitic,F,461,after 2008,Late,36,105,low,"Pingliang&Wuwei, Gansu",154.83,"Zheng et al., 2017","Unreported date, project started in 2008"
Han,41(1),Urban,Sino-Tibetan,Sinitic,M,151,2010,Late,32.7,118.4,low,"Chuzhou, Anhui",169.05,"Zheng et al., 2017",
Han,41(1),Urban,Sino-Tibetan,Sinitic,F,158,2010,Late,32.7,118.4,low,"Chuzhou, Anhui",157.06,"Zheng et al., 2017",
Han,41(2),Rural,Sino-Tibetan,Sinitic,M,201,2010,Late,32.7,118.4,low,"Chuzhou, Anhui",167.63,"Zheng et al., 2017",
Han,41(2),Rural,Sino-Tibetan,Sinitic,F,183,2010,Late,32.7,118.4,low,"Chuzhou, Anhui",156.18,"Zheng et al., 2017",
Han,42(1),Urban,Sino-Tibetan,Sinitic,M,157,2010,Late,33.8,119,low,"Huaian, Jiangsu",169.31,"Zheng et al., 2017",
Han,42(1),Urban,Sino-Tibetan,Sinitic,F,154,2010,Late,33.8,119,low,"Huaian, Jiangsu",157.18,"Zheng et al., 2017",
Han,42(2),Rural,Sino-Tibetan,Sinitic,M,213,2010,Late,33.8,119,low,"Huaian, Jiangsu",167.07,"Zheng et al., 2017",
Han,42(2),Rural,Sino-Tibetan,Sinitic,F,208,2010,Late,33.8,119,low,"Huaian, Jiangsu",156.69,"Zheng et al., 2017",
Han,43(1),Urban,Sino-Tibetan,Sinitic,M,146,after 2008,Late,30.7,120.1,low,"Jiaxing&Huzhou, Zhejiang",167.52,"Zheng et al., 2017","Unreported date, project started in 2008"
Han,43(1),Urban,Sino-Tibetan,Sinitic,F,152,after 2008,Late,30.7,121.5,low,"Jiaxing&Huzhou, Zhejiang",156.74,"Zheng et al., 2017","Unreported date, project started in 2008"
Han,43(2),Rural,Sino-Tibetan,Sinitic,M,188,after 2008,Late,30.7,120.1,low,"Jiaxing&Huzhou, Zhejiang",167.7,"Zheng et al., 2017","Unreported date, project started in 2008"
Han,43(2),Rural,Sino-Tibetan,Sinitic,F,210,after 2008,Late,30.7,120.1,low,"Jiaxing&Huzhou, Zhejiang",155.93,"Zheng et al., 2017","Unreported date, project started in 2008"
Han,44(1),Urban,Sino-Tibetan,Sinitic,M,144,2011,Late,29.6,120.3,low,"Shaoxing, Zhejiang",168.39,"Zheng et al., 2017",
Han,44(1),Urban,Sino-Tibetan,Sinitic,F,153,2011,Late,29.6,120.3,low,"Shaoxing, Zhejiang",156.88,"Zheng et al., 2017",
Han,44(2),Rural,Sino-Tibetan,Sinitic,M,186,2011,Late,29.6,120.3,low,"Shaoxing, Zhejiang",165.75,"Zheng et al., 2017",
Han,44(2),Rural,Sino-Tibetan,Sinitic,F,204,2011,Late,29.6,120.3,low,"Shaoxing, Zhejiang",155.27,"Zheng et al., 2017",
Han,45(1),Urban,Sino-Tibetan,Sinitic,M,154,2010,Late,29.9,117.2,low,"Jingdezhen, Jiangxi",163.85,"Zheng et al., 2017",
Han,45(1),Urban,Sino-Tibetan,Sinitic,F,149,2010,Late,29.9,117.2,low,"Jingdezhen, Jiangxi",153.66,"Zheng et al., 2017",
Han,45(2),Rural,Sino-Tibetan,Sinitic,M,195,2010,Late,29.9,117.2,low,"Jingdezhen, Jiangxi",163.33,"Zheng et al., 2017",
Han,45(2),Rural,Sino-Tibetan,Sinitic,F,201,2010,Late,29.9,117.2,low,"Jingdezhen, Jiangxi",151.89,"Zheng et al., 2017",
Han,46(1),Urban,Sino-Tibetan,Sinitic,M,151,2010,Late,27.8,115.7,low,"Yichun, Jiangxi",164.19,"Zheng et al., 2017",
Han,46(1),Urban,Sino-Tibetan,Sinitic,F,156,2010,Late,27.8,115.7,low,"Yichun, Jiangxi",154.17,"Zheng et al., 2017",
Han,46(2),Rural,Sino-Tibetan,Sinitic,M,203,2010,Late,27.8,115.7,low,"Yichun, Jiangxi",162.4,"Zheng et al., 2017",
Han,46(2),Rural,Sino-Tibetan,Sinitic,F,195,2010,Late,27.8,115.7,low,"Yichun, Jiangxi",151.71,"Zheng et al., 2017",
Han,47(1),Urban,Sino-Tibetan,Sinitic,M,149,2010,Late,28.1,112.3,low,"Changsha, Hunan",165.04,"Zheng et al., 2017",
Han,47(1),Urban,Sino-Tibetan,Sinitic,F,170,2010,Late,28.1,112.3,low,"Changsha, Hunan",153.71,"Zheng et al., 2017",
Han,47(2),Rural,Sino-Tibetan,Sinitic,M,197,2010,Late,28.1,112.3,low,"Changsha, Hunan",163.04,"Zheng et al., 2017",
Han,47(2),Rural,Sino-Tibetan,Sinitic,F,221,2010,Late,28.1,112.3,low,"Changsha, Hunan",153.46,"Zheng et al., 2017",
Han,48(1),Urban,Sino-Tibetan,Sinitic,M,157,2010,Late,27.4,112,low,"Loudi, Hunan",165.43,"Zheng et al., 2017",
Han,48(1),Urban,Sino-Tibetan,Sinitic,F,163,2010,Late,27.4,112,low,"Loudi, Hunan",154.32,"Zheng et al., 2017",
Han,48(2),Rural,Sino-Tibetan,Sinitic,M,196,2010,Late,27.4,112,low,"Loudi, Hunan",164.02,"Zheng et al., 2017",
Han,48(2),Rural,Sino-Tibetan,Sinitic,F,214,2010,Late,27.4,112,low,"Loudi, Hunan",153.36,"Zheng et al., 2017",
Han,49(1),Urban,Sino-Tibetan,Sinitic,M,150,2012,Late,31.2,113.4,low,"Jingmen, Hubei",167.42,"Zheng et al., 2017",
Han,49(1),Urban,Sino-Tibetan,Sinitic,F,177,2012,Late,31.2,113.4,low,"Jingmen, Hubei",157.3,"Zheng et al., 2017",
Han,49(2),Rural,Sino-Tibetan,Sinitic,M,192,2012,Late,31.2,113.4,low,"Jingmen, Hubei",165.79,"Zheng et al., 2017",
Han,49(2),Rural,Sino-Tibetan,Sinitic,F,212,2012,Late,31.2,113.4,low,"Jingmen, Hubei",156.65,"Zheng et al., 2017",
Han,50(1),Urban,Sino-Tibetan,Sinitic,M,143,2012,Late,30.3,112.2,low,"Jingzhou, Hubei",167.9,"Zheng et al., 2017",
Han,50(1),Urban,Sino-Tibetan,Sinitic,F,159,2012,Late,30.3,112.2,low,"Jingzhou, Hubei",157.01,"Zheng et al., 2017",
Han,50(2),Rural,Sino-Tibetan,Sinitic,M,192,2012,Late,30.3,112.2,low,"Jingzhou, Hubei",165.8,"Zheng et al., 2017",
Han,50(2),Rural,Sino-Tibetan,Sinitic,F,201,2012,Late,30.3,112.2,low,"Jingzhou, Hubei",156.46,"Zheng et al., 2017",
Han,52(1),Urban,Sino-Tibetan,Sinitic,M,137,2010,Late,30.4,104.4,low,"Ziyang, Sichuan",165.24,"Zheng et al., 2017",
Han,52(1),Urban,Sino-Tibetan,Sinitic,F,151,2010,Late,30.4,104.4,low,"Ziyang, Sichuan",152.95,"Zheng et al., 2017",
Han,52(2),Rural,Sino-Tibetan,Sinitic,M,205,2010,Late,30.4,104.4,low,"Ziyang, Sichuan",162.42,"Zheng et al., 2017",
Han,52(2),Rural,Sino-Tibetan,Sinitic,F,207,2010,Late,30.4,104.4,low,"Ziyang, Sichuan",151.72,"Zheng et al., 2017",
Han,53(1),Urban,Sino-Tibetan,Sinitic,M,146,2010,Late,30.2,103.4,low,"Qionglai, Sichuan",164.81,"Zheng et al., 2017",
Han,53(1),Urban,Sino-Tibetan,Sinitic,F,180,2010,Late,30.2,103.4,low,"Qionglai, Sichuan",153.03,"Zheng et al., 2017",
Han,53(2),Rural,Sino-Tibetan,Sinitic,M,222,2010,Late,30.2,103.4,low,"Qionglai, Sichuan",162.44,"Zheng et al., 2017",
Han,53(2),Rural,Sino-Tibetan,Sinitic,F,200,2010,Late,30.2,103.4,low,"Qionglai, Sichuan",151.76,"Zheng et al., 2017",
Han,54,Rural,Sino-Tibetan,Sinitic,M,251,2012,Late,26.3,106.1,low,"Anshun, Guizhou",162.61,"Zheng et al., 2017",
Han,54,Rural,Sino-Tibetan,Sinitic,F,256,2012,Late,26.3,106.1,low,"Anshun, Guizhou",151.8,"Zheng et al., 2017",
Han,55(1),Urban,Sino-Tibetan,Sinitic,M,150,2012,Late,24.9,102.8,low,"Kunming, Yunnan",167.46,"Zheng et al., 2017",
Han,55(1),Urban,Sino-Tibetan,Sinitic,F,150,2012,Late,24.9,102.8,low,"Kunming, Yunnan",156.5,"Zheng et al., 2017",
Han,55(2),Rural,Sino-Tibetan,Sinitic,M,206,2012,Late,24.9,102.8,low,"Kunming, Yunnan",166.01,"Zheng et al., 2017",
Han,55(2),Rural,Sino-Tibetan,Sinitic,F,203,2012,Late,24.9,102.8,low,"Kunming, Yunnan",154.8,"Zheng et al., 2017",
Han,56(1),Urban,Sino-Tibetan,Sinitic,M,195,2009,Late,21.9,110.6,low,"Huazhou, Guangdong",165.7,"Zheng et al., 2017",
Han,56(1),Urban,Sino-Tibetan,Sinitic,F,257,2009,Late,21.9,110.6,low,"Huazhou, Guangdong",153.68,"Zheng et al., 2017",
Han,56(2),Rural,Sino-Tibetan,Sinitic,M,385,2009,Late,21.9,110.6,low,"Huazhou, Guangdong",165.62,"Zheng et al., 2017",
Han,56(2),Rural,Sino-Tibetan,Sinitic,F,492,2009,Late,21.9,110.6,low,"Huazhou, Guangdong",153.06,"Zheng et al., 2017",
Han,57(1),Urban,Sino-Tibetan,Sinitic,M,154,2011,Late,25.9,115,low,"Ganzhou, Jiangxi",165.2,"Zheng et al., 2017",
Han,57(1),Urban,Sino-Tibetan,Sinitic,F,150,2011,Late,25.9,115,low,"Ganzhou, Jiangxi",155.34,"Zheng et al., 2017",
Han,57(2),Rural,Sino-Tibetan,Sinitic,M,183,2011,Late,25.9,115,low,"Ganzhou, Jiangxi",164.1,"Zheng et al., 2017",
Han,57(2),Rural,Sino-Tibetan,Sinitic,F,196,2011,Late,25.9,115,low,"Ganzhou, Jiangxi",155.32,"Zheng et al., 2017",
Han,58(1),Urban,Sino-Tibetan,Sinitic,M,151,2011,Late,24.3,116.1,low,"Meizhou, Guangdong",166.42,"Zheng et al., 2017",
Han,58(1),Urban,Sino-Tibetan,Sinitic,F,181,2011,Late,24.3,116.1,low,"Meizhou, Guangdong",154.82,"Zheng et al., 2017",
Han,58(2),Rural,Sino-Tibetan,Sinitic,M,162,2011,Late,24.3,116.1,low,"Meizhou, Guangdong",164.96,"Zheng et al., 2017",
Han,58(2),Rural,Sino-Tibetan,Sinitic,F,177,2011,Late,24.3,116.1,low,"Meizhou, Guangdong",154.31,"Zheng et al., 2017",
Han,59(1),Urban,Sino-Tibetan,Sinitic,M,151,2011,Late,26.1,119.3,low,"Fuzhou, Fujian",168.52,"Zheng et al., 2017",
Han,59(1),Urban,Sino-Tibetan,Sinitic,F,159,2011,Late,26.1,119.3,low,"Fuzhou, Fujian",157.71,"Zheng et al., 2017",
Han,59(2),Rural,Sino-Tibetan,Sinitic,M,188,2011,Late,26.1,119.3,low,"Fuzhou, Fujian",166.99,"Zheng et al., 2017",
Han,59(2),Rural,Sino-Tibetan,Sinitic,F,194,2011,Late,26.1,119.3,low,"Fuzhou, Fujian",155.92,"Zheng et al., 2017",
Han,60(1),Urban,Sino-Tibetan,Sinitic,M,149,2011,Late,24.6,117.8,low,"Zhangzhou, Fujian ",167.65,"Zheng et al., 2017",
Han,60(1),Urban,Sino-Tibetan,Sinitic,F,164,2011,Late,24.6,117.8,low,"Zhangzhou, Fujian ",155.77,"Zheng et al., 2017",
Han,60(2),Rural,Sino-Tibetan,Sinitic,M,173,2011,Late,24.6,117.8,low,"Zhangzhou, Fujian ",165.72,"Zheng et al., 2017",
Han,60(2),Rural,Sino-Tibetan,Sinitic,F,193,2011,Late,24.6,117.8,low,"Zhangzhou, Fujian ",155.13,"Zheng et al., 2017",
Han,61(1),Urban,Sino-Tibetan,Sinitic,M,150,2010,Late,19.4,110.6,low,"Wenchang, Hainan",166.89,"Zheng et al., 2017",
Han,61(1),Urban,Sino-Tibetan,Sinitic,F,165,2010,Late,19.4,110.6,low,"Wenchang, Hainan",155.06,"Zheng et al., 2017",
Han,61(2),Rural,Sino-Tibetan,Sinitic,M,216,2010,Late,19.4,110.6,low,"Wenchang, Hainan",165.63,"Zheng et al., 2017",
Han,61(2),Rural,Sino-Tibetan,Sinitic,F,191,2010,Late,19.4,110.6,low,"Wenchang, Hainan",153.5,"Zheng et al., 2017",
Han,62(1),Urban,Sino-Tibetan,Sinitic,M,160,2010,Late,19.3,110.5,low,"Qionghai, Hainan",166.17,"Zheng et al., 2017",
Han,62(1),Urban,Sino-Tibetan,Sinitic,F,150,2010,Late,19.3,110.5,low,"Qionghai, Hainan",154.19,"Zheng et al., 2017",
Han,62(2),Rural,Sino-Tibetan,Sinitic,M,174,2010,Late,19.1,110.5,low,"Wanning, Hainan",165.36,"Zheng et al., 2017",
Han,62(2),Rural,Sino-Tibetan,Sinitic,F,159,2010,Late,19.1,110.5,low,"Wanning, Hainan",154.08,"Zheng et al., 2017",
Han,63,Urban,Sino-Tibetan,Sinitic,M,1676,2017,Late,45.75,85.3,low,"Kelamayi,Xinjiang",170.3,"Tu et al., 2017",
Han,63,Urban,Sino-Tibetan,Sinitic,F,2044,2017,Late,45.75,85.3,low,"Kelamayi,Xinjiang",158.8,"Tu et al., 2017",
Han,64,Urban,Sino-Tibetan,Sinitic,M,150,2010,Late,19.55,110.8,low,Hainan,166.89,"Zheng et al., 2012",
Han,64,Urban,Sino-Tibetan,Sinitic,F,165,2010,Late,19.55,110.8,low,Hainan,155.06,"Zheng et al., 2012",
Han,65,Rural,Sino-Tibetan,Sinitic,M,216,2010,Late,19.47,110.74,low,Hainan,165.63,"Zheng et al., 2012",
Han,65,Rural,Sino-Tibetan,Sinitic,F,191,2010,Late,19.47,110.74,low,Hainan,153.5,"Zheng et al., 2012",
Han,66,Rural,Sino-Tibetan,Sinitic,M,214,-,Late,42.75,123.72,low,"Tieling, Liaoning",166.71,"Hu et al., 2017","unreported date, after 2010"
Han,66,Rural,Sino-Tibetan,Sinitic,F,228,-,Late,42.75,123.72,low,"Tieling, Liaoning",154.54,"Hu et al., 2017","unreported date, after 2010"
Lingao,1,Rural,Sino-Tibetan,Kra-Dai,M,211,2014,Late,19.91,109.7,low,"Lingao, Hainan",164.02,"Yu et al., 2019",
Lingao,1,Rural,Sino-Tibetan,Kra-Dai,F,206,2014,Late,19.91,109.7,low,"Lingao, Hainan",153.55,"Yu et al., 2019",
Gin,1,Rural,Austroasiatic,Mon-Khmer,M,160,2004,Late,21.59,108.14,low,Guangxi,165.15,"Liao et al., 2010",
Gin,1,Rural,Austroasiatic,Mon-Khmer,F,145,2004,Late,21.59,108.14,low,Guangxi,154.11,"Liao et al., 2010",
Nu,1,Rural,Sino-Tibetan,Tibeto-Burman,M,183,2006,Late,28.02,98.63,low,Yunnan,160.87,"Zheng et al., 2008",
Nu,1,Rural,Sino-Tibetan,Tibeto-Burman,F,134,2006,Late,28.02,98.63,low,Yunnan,150.94,"Zheng et al., 2008",
Waxiang,1,Rural,Sino-Tibetan,Tibeto-Burman,M,156,2008,Late,28.46,110.4,low,Hunan,157.43,"Pi et al., 2011",
Waxiang,1,Rural,Sino-Tibetan,Tibeto-Burman,F,152,2008,Late,28.46,110.4,low,Hunan,146.49,"Pi et al., 2011",
Derung,1,Rural,Austroasiatic,Mon-Khmer,M,97,2006,Late,27.88,98.34,low,Yunnan,154.61,"Zheng et al., 2008",
Derung,1,Rural,Austroasiatic,Mon-Khmer,F,103,2006,Late,27.88,98.34,low,Yunnan,146.87,"Zheng et al., 2008",
Va,1,Rural,Austroasiatic,Mon-Khmer,M,258,2004,Late,23.46,99.58,low,Yunnan,160.4,"Zheng et al., 2007",
Va,1,Rural,Austroasiatic,Mon-Khmer,F,184,2004,Late,23.46,99.58,low,Yunnan,150.7,"Zheng et al., 2007",
Gejia,1,Rural,Sino-Tibetan,Hmong-Mien,M,159,2012,Late,26.84,107.97,low,Guizhou,159.71,"Li et al., 2015",
Gejia,1,Rural,Sino-Tibetan,Hmong-Mien,F,152,2012,Late,26.84,107.97,low,Guizhou,147.9,"Li et al., 2015",
Tuvas,1,Rural,Altaic,Turkic,M,55,2008,Late,47.71,86.87,low,Xinjiang,166.73,"Zheng et al., 2013",
Tuvas,1,Rural,Altaic,Turkic,F,104,2008,Late,47.71,86.87,low,Xinjiang,152.59,"Zheng et al., 2013",
Manmi,1,Rural,Austroasiatic,Mon-Khmer,M,53,2022,Late,22.02,100.8,low,Xinjiang,160.49,"Zhang et al., 2024",
Manmi,1,Rural,Austroasiatic,Mon-Khmer,F,68,2022,Late,22.02,100.8,low,Xinjiang,148.91,"Zhang et al., 2024",
Amis,1,Rural,Austronesian,Austronesian,M,326,1962,Early,24,121.6,low,Taiwan,164.6,"Chai, 1967",Recorded location in Hualien County where the group is widely distributed
Amis,1,Rural,Austronesian,Austronesian,F,188,1962,Early,24,121.6,low,Taiwan,155.9,"Chai, 1967",Recorded location in Hualien County where the group is widely distributed
Atayal,2,Rural,Austronesian,Austronesian,M,214,1962,Early,24.7,121.7,low,Taiwan,160.1,"Chai, 1967",Recorded location in Yilan County where the group is widely distributed
Atayal,2,Rural,Austronesian,Austronesian,F,348,1962,Early,24.7,121.7,low,Taiwan,149.8,"Chai, 1967",Recorded location in Yilan County where the group is widely distributed
Bunun,3,Rural,Austronesian,Austronesian,M,258,1962,Early,23.96,120.97,low,Taiwan,157.2,"Chai, 1967",Recorded location in Nantou County where the group is widely distributed
Bunun,3,Rural,Austronesian,Austronesian,F,260,1962,Early,23.96,120.97,low,Taiwan,146.2,"Chai, 1967",Recorded location in Nantou County where the group is widely distributed
Paiwan,4,Rural,Austronesian,Austronesian,M,288,1962,Early,22.67,120.49,low,Taiwan,156.6,"Chai, 1967","Recorded in Pingtung County, where the group is widely distributed"
Paiwan,4,Rural,Austronesian,Austronesian,F,479,1962,Early,22.67,120.49,low,Taiwan,148,"Chai, 1967","Recorded in Pingtung County, where the group is widely distributed"
Puyuma,5,Rural,Austronesian,Austronesian,M,146,1962,Early,22.8,121.07,low,Taiwan,160,"Chai, 1967","Recorded in Taitung County, where the group is widely distributed"
Puyuma,5,Rural,Austronesian,Austronesian,F,236,1962,Early,22.8,121.07,low,Taiwan,149.6,"Chai, 1967","Recorded in Taitung County, where the group is widely distributed"
Rukai,6,Rural,Austronesian,Austronesian,M,232,1962,Early,22.67,120.49,low,Taiwan,158.2,"Chai, 1967","Recorded in Pingtung County, where the group is widely distributed"
Rukai,6,Rural,Austronesian,Austronesian,F,202,1962,Early,22.67,120.49,low,Taiwan,148.7,"Chai, 1967","Recorded in Pingtung County, where the group is widely distributed"
Saisiyat,7,Rural,Austronesian,Austronesian,M,134,1962,Early,24.56,120.82,low,Taiwan,158.7,"Chai, 1967","Recorded in Miaoli County, where the group is widely distributed"
Saisiyat,7,Rural,Austronesian,Austronesian,F,122,1962,Early,24.56,120.82,low,Taiwan,150.4,"Chai, 1967","Recorded in Miaoli County, where the group is widely distributed"
Tsou,8,Rural,Austronesian,Austronesian,M,154,1962,Early,23.45,120.26,low,Taiwan,164,"Chai, 1967","Recorded in Chiayi County, where the group is widely distributed"
Tsou,8,Rural,Austronesian,Austronesian,F,162,1962,Early,23.45,120.26,low,Taiwan,153.9,"Chai, 1967","Recorded in Chiayi County, where the group is widely distributed"
,,,,,,,,,,,,,,,
,,,,,,,,,,,,,,,
References,,,,,,,,,,,,,,,
"Li, Y., Yu, K., Zhang, X., Bao, J., Li, C., & Zheng, L. (2022). Physical types and ethnological characteristics of Tibetans 藏族的体质类型和人种学特征. Acta Anthropologica Sinica 人类学学报, 41(4), 14. ",,,,,,,,,,,,,,,
"Xinjiang Uygur Autonomous Region Sanitary and Epidemic Prevention Station. (1961). Survey on Physical Development of Han Chinese Adolescent Students in Urumqi City 乌鲁木齐市汉族青少年学生身体发展调查 (Compilation of information on sanitary and epidemiological prevention 卫生防疫资料汇编, Issue. ",,,,,,,,,,,,,,,
"Liaoning Provincial Sanitary and Epidemic Prevention Station. (1978). 辽宁省中小学生生长发育调查 Survey on Growth and Development of School Students in Liaoning Province (Health Information for Children and Adolescents 儿童少年卫生资料选编（一）, Issue 1) ",,,,,,,,,,,,,,,
"School Health Teaching and Research Group, D. o. H., Beijing Medical College. (1958). Survey on Physical Development of School Students in Beijing 北京市中小学校学生身体发育的调查. Chinese Journal of Health 中华卫生杂志, 1, 40-46. ",,,,,,,,,,,,,,,
"Ouyang, R., Wu, G., Xu, G., Chen, Y., & Lv, Z. (1957). Taiyuan Child and Adolescent Development Survey and Statistics 太原儿童青少年发育调查及统计. Shanxi Medical Journal 山西医学杂志, 1(3), 70-78. ",,,,,,,,,,,,,,,
"School Health Teaching and Research Group of Shanxi Provincial Sanitary and Epidemic Prevention Station. (1964). Survey on Physical Development of 9527 Rural Primary and Secondary School Students in Shanxi Province 山西省9527名农村中小学生身体发育调查. Shanxi Medical Journal 山西医学杂志, 8(4), 61-65. ",,,,,,,,,,,,,,,
"Shao, D. (1960). Study on the development of adolescent students in Baoji City 宝鸡市青少年学生发育的调查研究. People's health 人民保健, 2(2), 84-88.",,,,,,,,,,,,,,,
"Shandong Province Sanitary and Epidemic Prevention Station, Jinan Education Bureau, & Jinan Sanitary and Epidemic Prevention Station. (1972). Survey on the Physical Growth and Development of Primary and Secondary School Students in Jinan City in 1972 济南市1972年中小学生身体生长发育的调查报告 Compilation of information on students' health 学生卫生资料选编, ",,,,,,,,,,,,,,,
"Shandong Province Sanitary and Epidemic Prevention Station, Jinan Sanitary and Epidemic Prevention Station, & Licheng County Sanitary and Epidemic Prevention Station. (1972). Survey on Physical Development in Rural Primary and Secondary Schools in Licheng County 历城县农村中小学身体发育调查 (Compilation of information on students' health 学生卫生资料选编, Issue. ",,,,,,,,,,,,,,,
"Yan, Q., Zu, P., & Wang, Y. (1957). Survey on Physical Development of Primary and Secondary School Students in Xuzhou 徐州市中小学生身体发育调查. Chinese Journal of Health 中华卫生杂志, 5(5). ",,,,,,,,,,,,,,,
"Zhao, L. (1956). Study of the physical development of 4750 children and adolescents in Shanghai, China 上海市4750名儿童和青少年身体发育的研究. Journal of Shanghai First Medical School 上海第一医学院学报(2).",,,,,,,,,,,,,,,
"Zhao, L. (1982). Study on the Physical Morphological Functions and Qualities of Chinese Children and Adolescents 中国青少年儿童身体形态机能与素质的研究. Shanghai Science and Technology Literature Publishing House 上海科学技术文献出版社. ",,,,,,,,,,,,,,,
"Hangzhou Sanitary and Epidemic Prevention Station. (1973). Survey on the development of 20,000 primary and secondary school students in Hangzhou in 1972 1972年杭州市2万名中小学生发育调查报告 (Compilation of information on sanitary and epidemiological prevention 卫生防疫资料汇编, Issue. ",,,,,,,,,,,,,,,
"Jiangxi Provincial Sanitary and Epidemic Prevention Station. (1966). Survey Report on Physical Development of Students in 8 Cities and Counties in Jiangxi Province 江西省8个市县学生身体发育调查报告 (Compilation of information on sanitary and epidemiological prevention 卫生防疫资料汇编, Issue 5). ",,,,,,,,,,,,,,,
"Wang, Q., Liu, P., Fan, S., Chen, S. w., & Liao, S. (1983). A preliminary study on physical anthropology of the Yao nationality at Jianghua autonomous county, Hunan 湖南省江华瑶族自治县瑶族体质人类学初步研究. Acta Anthropologica Sinica 人类学学报, 2(4), 359-367. ",,,,,,,,,,,,,,,
"Li, X., Cao, B., & Wei, S. (1960). Survey on Physical Development of Primary and Secondary School Students in Chengdu 成都市中小学生身体发育调查. People's health 人民保健, 2(7), 361-363. ",,,,,,,,,,,,,,,
"Zhang, Z., & Zhang, J. (1983). Physical characters of Zhuang nationality in Guangxi 广西壮族体质特征. Acta Anthropologica Sinica 人类学学报, 2(3), 260-271. ",,,,,,,,,,,,,,,
"Huang, X., Wei, G., Liu, Y., Zhang, J., & Zhang, S. (1985). 广州莲花山水上居民体质特征调查 An investigation of the physical characters of the boatsmen at the Lotus Hill, Guangzhou. Acta Anthropologica Sinica 人类学学报, 4(2), 173-181. ",,,,,,,,,,,,,,,
"Gao, J., & Li, Y. (1959). Survey on Children's Physical Development in Jiangmen City 江门市儿童身体发育调查报告. People's health 人民保健, 1(8), 758-763.",,,,,,,,,,,,,,,
"Wu, R., Wu, X., & Zhang, Z. (1994). Anthropological Study of Ethnic Minorities on Hainan Island 海南岛少数民族人类学考察. Ocean Press.",,,,,,,,,,,,,,,
"Shao, X., Cui, J., Wang, J., & Yang, G. (1990). Anthropological survey on Tajik Nationality in Taxkorgan County,Xinjiang Uighur Autonomous Region 新疆塔什库尔干塔吉克族体质特征调查. acta Anthropologica Sinica 人类学学报 9(2), 113-121.",,,,,,,,,,,,,,,
"Shao, X., Cui, J., Zhu, X., Yang, Z., Wu, G., Zhao, J., Ma, D., Wang, X., & Asihaty. (1987). Anthropological study on Kerges nationality in Tekes County, Xinjiang Uighur Autonomons Region 新疆特克斯县柯尔克孜族体质特征. Acta Anthropologica Sinica 人类学学报, 6(4), 315-323. ",,,,,,,,,,,,,,,
"Zeng, L. T., Li, W., Wen, Y., & Zhang, X. (2021). Somatotype of the Kirgiz adults 柯尔克孜族成人的体型. Acta Anthropologica Sinica 人类学学报, 40(6), 1004-1011",,,,,,,,,,,,,,,
"Ai, Q., Xiao, H., Zhao, J., & Sai, F. (1993). A survey on physical characteristics of Uigur Nationality 维吾尔族的体质特征研究. Acta Anthropologica Sinica 人类学学报, 12, 357-365",,,,,,,,,,,,,,,
"Xinjiang Uygur Autonomous Region Sanitary and Epidemic Prevention Station. (1958). Survey on Physical Development Report of 1,058 Uyghur Adolescents in Kashgar City 喀什市1058名维吾尔族青少年身体发育报告调查 (Compilation of information on sanitary and epidemiological prevention 卫生防疫资料汇编, Issue. ",,,,,,,,,,,,,,,
"Tu, C., Jiang, C., & Cai, R. (2017). Physical characteristics of Uygur and Han adults in Karamay, the Xinjiang Uygur Autonomous Region 新疆克拉玛依市维吾尔族和汉族成年人体部体质特征. Acta Anthropologica Sinica 人类学学报, 36(3), 370-379.",,,,,,,,,,,,,,,
"Cui, J., Shao, X., Wang, J., Wang, h., Agu, li, C., Wu, M., Ma, J., & Tuerxun. (1991). Anthropological survey on Hasake Nationality in Xinjiang Uighur Autonomous Region 新疆哈萨克族体质特征调查. Acta Anthropologica Sinica 人类学学报, 10(4), 305-313.",,,,,,,,,,,,,,,
"Ai, Q.-h., Chen, X., Hong, J., Sai, F.-d., & Xiao, H. (2001). 新疆伊犁哈萨克族的体质特征研究 A Study of physical characteristics of Kazaks in Yili of Xinjiang. Acta Anthropologica Sinica 人类学学报, 20(4), 295-301. ",,,,,,,,,,,,,,,
"Dai, Y., Xi, R., & Zhao, J. (1996). Preliminary study on the physical features of Hui Nationality in the town of Linxia 临夏市回族体质特征的初步研究. Acta Anthropologica Sinica 人类学学报, 15(3), 233-240. ",,,,,,,,,,,,,,,
"Zheng, L., Zhu, Q., Wang, Q., Gao, Q., Li, C., Li, W., Chen, Z., Yang, Z., & Li, S. (1997). The physical characters of Hui nationality in Ningxia 宁夏回族体质特征研究. Acta Anthropologica Sinica 人类学学报, 16(1), 11-21. ",,,,,,,,,,,,,,,
"Dai, Y., Ding, J., & Zou, Z. (1987). Preliminary research on the physical characteristics of Yugu Nationality in Gansu Province 甘肃裕固族体质特征初步研究. Acta Anthropologica Sinica 人类学学报, 6(3), 227-235. ",,,,,,,,,,,,,,,
"Xi, R., Dai, Y., & Bo, L. (1995). Study on the physical characteristics of Sala Nationality in Qinghai Province, northwest China 青海撒拉族体质特征研究. Acta Anthropologica Sinica 人类学学报, 14(1), 32-39. ",,,,,,,,,,,,,,,
"Yang, D., & Dai, Y. (1990). 甘肃保安族体质特征研究 Physical characteristics of Bonan Nationality from Gansu Province, northwest China. Acta Anthropologica Sinica 人类学学报, 9(1), 55-63.",,,,,,,,,,,,,,,
"Dai, Y. (1997). Anthropometric study of Tu nationality in Qinghai 青海土族体质人类学研究. Acta Anthropologica Sinica 人类学学报, 16(4), 274-284",,,,,,,,,,,,,,,
"Dai, Y., & Yang, D. (1991). Research on the physical characteristics of Dongxiang Nationality in Gansu Province, Northwest China 甘肃东乡族体质特征研究. Acta Anthropologica Sinica 人类学学报, 10(2), 127-134. ",,,,,,,,,,,,,,,
"Ai, Q., Zhao, J., Xiao, H., Xu, Y., & Sai, F.-d. (1994). Anthropometric study of Mongols in Xinjiang 新疆蒙古族体质人类学研究. Acta Anthropologica Sinica 人类学学报, 13(1), 46-55",,,,,,,,,,,,,,,
"Zheng, L., Yan, G., Liu, D., Zhu, Q., Liu, W., Liu, D., & Cui, Z. (1996). The somatotype study of Monggol in China by the Heath-Carter anthropometric method 蒙古族体型的Heath-Carter人体测量法研究. Acta Anthropologica Sinica 人类学学报, 15(3), 218-224. ",,,,,,,,,,,,,,,
"Zhu, Q., Liu, W., Li, Z., Zhang, J., QinGelerZabu, & Zhang, X. (1993). Physique, body type of Mongols and their changes in the past more than half a century 蒙古族的体格、体型和半个多世纪来的变化. Acta Anthropologica Sinica 人类学学报, 12(4), 347-356.",,,,,,,,,,,,,,,
"Lǜ, Q., Yuan, S., Dai, S., & Cai, B. (1998). Study on physical characters of Mongol adults in Chifeng area of inner Mongolia 内蒙古赤峰地区蒙古族成人体质特征的研究. Acta Anthropologica Sinica 人类学学报, 17(1), 32-44",,,,,,,,,,,,,,,
"Feng, Y. (1965). Survey Report on Physical Development of Mongolian Students in Hohhot City 呼和浩特市蒙古族学生身体发育调查报告. Chinese Journal of Health 中华卫生杂志, 10(1), 41-44",,,,,,,,,,,,,,,
"Zheng, L., Lu, S., Ding, B., Yu, H., Liu, H., & Zhang, X. (2011). A Study of the Physical Characteristics of the Yunnan Mongol People 云南蒙古族体质特征. Acta Anthropologica Sinica 人类学学报, 30(1), 74-85",,,,,,,,,,,,,,,
"Dalai, W., Zheng, L., & Li, Y. (2022). Stature characteristics of the Chinese Mongolians 中国蒙古族的身高特征. Acta Anthropologica Sinica 人类学学报, 41(2), 282-294",,,,,,,,,,,,,,,
"Li, Y., Zheng, L., Lu, S., Dong, Q., Liu, H., Xie, B., & Zhang, X. (2011). Physical Characteristics of the Buriats in China 中国布里亚特人的体质特征. Acta Anthropologica Sinica 人类学学报, 30(4), 358-367. ",,,,,,,,,,,,,,,
"Li, Y., & Zheng, L. (2016). A study on the physical characteristics of Barags in China 中国巴尔虎人的体质特征. Acta Anthropologica Sinica 人类学学报, 35(3), 431-444.",,,,,,,,,,,,,,,
"Han, X., He, X., Duan, X., Zhang, X., Su, G., Jiang, X., & Liao, Q. (1993). The physical characteristics of Manchuria people in Jilin 吉林省满族体质特征调查. Acta Anthropologica Sinica 人类学学报, 12(1), 55-63",,,,,,,,,,,,,,,
"Liu, S., Wen, Y., Yan, W., & Jiang, D. (2010). Somatotype of Manchu adults in Qingyuan, Liaoning 辽宁清原满族成人的体型. Acta Anatomica Sinica 解剖学报, 33(6), 820-836",,,,,,,,,,,,,,,
"Hu, R., Wen, Y., Wang, X., Yang, Y., & Liu, S. (2017). Somatotype study of the Tunguska living in China 中国境内通古斯人群的体型. Acta Anthropologica Sinica 人类学学报, 36(2), 236-247.",,,,,,,,,,,,,,,
"Shao, X., Wang, D., Cui, J., Zhu, X., Zhao, W., Gu, L., & Dong, X. (1984). Anthropological survey on Sibo nationality in Xinjiang uighur autonomous region 新疆察布查尔锡伯族体质特征调查. Acta Anthropologica Sinica 人类学学报, 3(4), 349-362",,,,,,,,,,,,,,,
"Shi, Q., Hu, J., & Zhao, G. (1987). The physical characteristics of the Hezhen tribe 赫哲族体质特征. Acta Anthropologica Sinica 人类学学报, 6(4), 336-342.",,,,,,,,,,,,,,,
"Chen, L., & Du, R. (1983). Population genetics of the Ewenki and Oroqen ethnic groups 鄂温克族与鄂伦春族的群体遗传学研究. Acta Anthropologica Sinica 人类学学报, 2(3), 282-292.",,,,,,,,,,,,,,,
"Zhang, Z. (1986). The physical characters of Chaoxian nationality in Jilin province 吉林省朝鲜族体质特征. Acta Anthropologica Sinica 人类学学报, 5(2), 153-161. ",,,,,,,,,,,,,,,
"Zhu, Q., Fu, J., Liu, W., Li, H., Zhang, W., & Guo, J. (1996). Physique, body type of Daurs' adults and their changes in the past for more than half a century 达斡尔族成人的体格、体型及半个多世纪来的变化. Acta Anthropologica Sinica 人类学学报, 15(2), 119-126",,,,,,,,,,,,,,,
"Shi, Q., Hu, J., & Yang, H. (1983). Anthropological survey on Dawuer tribe, Heilongjiang province 黑龙江省达斡尔族体质特征调查. Acta Anthropologica Sinica 人类学学报, 2(1), 60-71",,,,,,,,,,,,,,,
"Gansu Provincial Health Epidemic Prevention Station. (1960). Physical Development of Tibetan Primary and Secondary School Students in Gannan Tibetan Autonomous Prefecture 甘南藏族自治州藏民中小学生身体发育. People's health 人民保健, 2(6), 303-306",,,,,,,,,,,,,,,
"Luzhou Medical College, Aba Health School, & Hongyuan (Malcolm, M., Nanping) County Health Bureau,. (1984). Survey on Physical Characteristics of Tibetan and Qiang Young Adults in Sichuan Province 四川藏族、羌族青壮年体质特征调查. Journal of Anatomy 解剖学通报, 7(13). ",,,,,,,,,,,,,,,
"Xia, Y., & Wu, R. (1982). Preliminary study of physical morphology of the Tibetan ethnic group 藏族体质形态的初步研究. In T. C. A. Society (Ed.), Survey on Physique of Eight Ethnic Groups in China 中国八个民族体质调查报告 (pp. 97-114). Yunnan people's Publishing House",,,,,,,,,,,,,,,
"He, G., Yue, X., Yang, X., Wang, T., Chen, Z., & Tan, J. (2009). A study of the physical features of Sanyan Tibetans 三岩藏族体质特征研究. Acta Anthropologica Sinica 人类学学报, 28(4), 408-417. ",,,,,,,,,,,,,,,
"Pang, Z., Li, P., Liang, M., Sun, S., Li, Q., Ou, Y., Yang, Y., Zhou, S., & Qin, C. (1987). Physical anthropology on Miao and Yi nationalities in De'e, Guangxi 广西德峨苗族、彝族体质调查. Acta Anthropologica Sinica 人类学学报, 6(4), 324-335",,,,,,,,,,,,,,,
"Yu, K., Dong, W., Li, Y., & Zheng, L. (2018). A study of the anthropometrics of the Liangshan Yi people in Sichuan Province 四川凉山彝族的人体测量学. Acta Anthropologica Sinica 人类学学报, 37(3), 478-483. ",,,,,,,,,,,,,,,
"Yu, Y., Lu, Y., Luo, Z., Rong, J., Qiu, X., & Mo, Y. (2007). A study on the physical anthropology of the Miao nationality of Wangka in Guizhou 贵州王卡苗族体质人类学研究. Acta Anthropologica Sinica 人类学学报, 26(1), 10",,,,,,,,,,,,,,,
"Liu, G., Li, M., & Yu, F. (1990). Studies on the physical characters of Lishu Nationality in Yunnan 傈僳族的体质特征研究. Acta Anthropologica Sinica 人类学学报, 9(2), 122-129",,,,,,,,,,,,,,,
"Liu, G., Yu, F., Li, M., & Cha, F. (1992). Studies on the physical characters of Naxi Nationality in Yunnan 云南纳西族的体质特征研究. Acta Anthropologica Sinica 人类学学报, 11(1), 13-19",,,,,,,,,,,,,,,
"Li, M., Li, Y., & Yu, F. (1995). Physical characters of Pumi Nationality in Yunnan 云南普米族的体质特征. Acta Anthropologica Sinica 人类学学报, 14(3), 227-232",,,,,,,,,,,,,,,
"Ren, J., Li, Y., Tang, M., Shi, T., & Ouyang, Z. (1996). Physical characteristics of Miao nationality in Hunan province 湖南苗族体质特征. Acta Anthropologica Sinica 人类学学报, 15(3), 260-262",,,,,,,,,,,,,,,
"Yu, F., Li, M., & Liu, G. (1994). Physical characteristics of Miao Nationality living in Yunnan Province 云南苗族的体质特征研究. 13(4), 321-326.",,,,,,,,,,,,,,,
"Zhang, Z., & Zhang, j. (1982). Anthropological studies on Li nationality in Hainan island, China 海南岛黎族体质特征之研究. Acta Anthropologica Sinica 人类学学报, 1(1), 53-106.",,,,,,,,,,,,,,,
"Luo, Y., Han, C., & Xiao, G. (1985). The physical characteristics of the Tujia Nationality in Hunan 湖南土家族的体质特征. Acta Anthropologica Sinica 人类学学报, 4(2), 160-172",,,,,,,,,,,,,,,
"Liang, M., Li, P., Wu, R., Pu, H., Huang, S., Huang, X., & Pang, Z. (1994). Physical characters of Gelao Nationality in Guizhou Province 贵州仡佬族体质特征. Acta Anthropologica Sinica 人类学学报, 13(1), 64-71",,,,,,,,,,,,,,,
"Liang, M., Li, P., & Pang, Z. (1989). Physical characteristics of the Gelao people in Longlin County, Guangxi Province 广西隆林县仡佬族体质特征. Journal of Youjiang National College of Medicine 右江民族医学院学报, 11(4), 1-9",,,,,,,,,,,,,,,
"Huang, X., Li, P., Zhong, B., Tang, J., & Qin, L. (2002). Study on adult somatotype of gelao-nationality with heath-carter method 仡佬族成人体型的Heath-Carter人体测量法研究. Acta Anthropologica Sinica 人类学学报, 21(4), 279-284",,,,,,,,,,,,,,,
"Gu, N., Jiang, S., & Wang, K. (1985). Anthropological genetic investigations of isolated communities of She people 畲族隔离群体的人类学遗传学调查. Heredity and Disease 遗传与疾病, 2(1), 14-17",,,,,,,,,,,,,,,
"Zeng, X., Dai, F., & Shi, K. (1996). Survey on Physical Fitness of She Adults in Fuan City, Fujian Province, China 福建省福安市畲族成人体质调查报告. Journal of Fujian Medicine 福建医药杂志, 18(5), 211-216",,,,,,,,,,,,,,,
"Li, P., Liang, M., Wu, R., Pu, H., Huang, S., Li, K., & Pang, Z. (1994). Study on physical characters of Shui Nationality 水族的体质特征研究. Acta Anthropologica Sinica 人类学学报, 13(1), 56-63",,,,,,,,,,,,,,,
"Chen, W., Guo, C., Wu, R., & Xia, Y. (1982). Preliminary study of physical morphology of the Bai ethnic group 白族体质形态的初步研究. In T. C. A. Society (Ed.), Survey on Physique of Eight Ethnic Groups in China 中国八个民族体质调查报告 (pp. 88-96). Yunnan people's Publishing House",,,,,,,,,,,,,,,
"Li, M., Li, Y.-m., Yu, F.-c., & Peng, H.-s. (2001). Physical characters of Lahu nationaliyt in Yunnan 云南拉祜族的体质特征. Acta Anthropologica Sinica 人类学学报, 20(1), 39-44",,,,,,,,,,,,,,,
"Dai, X., Wang, G., Xia, Y., wu, R., Xu, Z., Chen, W., & Guo, C. (1982). Preliminary study of physical morphology of the Keno ethnic group 基诺族体质形态的初步研究. In T. C. A. Society (Ed.), Survey on Physique of Eight Ethnic Groups in China 中国八个民族体质调查报告 (pp. 11-29). Yunnan people's Publishing House. ",,,,,,,,,,,,,,,
"Bao, J., Zheng, L., Yu, K., & Jia, Y. (2021). The physical characteristics and its changes of Jino in 35 years 基诺族体质特征及35年来体质的变化. Acta Anthropologica Sinica 人类学学报, 40(2), 261-271.",,,,,,,,,,,,,,,
"Li, M., Li, Y., Cheng, H., & Yu, F. (1992). The physical characters of the Achang Nationality in Yunnan 云南阿昌族的体质特征. Acta Anthropologica Sinica 人类学学报, 11(1), 20-26",,,,,,,,,,,,,,,
"Liu, P., & Zou, J. (1988). A preliminary anthropometric study of the Dong Nationality in Hunan 湖南侗族体质人类学初步研究. Acta Anthropologica Sinica 人类学学报, 7(1), 53-59",,,,,,,,,,,,,,,
"Chen, W. (1987). Physical fitness of the Dong people in Tianzhu, Guizhou 贵州天柱侗族的体质. Investigation and research 考察与研究.",,,,,,,,,,,,,,,
"Pang, Z., Li, P., Liang, M., Pu, H., Wu, R., Zhou, S., & Wei, M. (1989). Physical anthropology on Dong Nationality in Sanjiang Autonomous County, Guangxi 广西三江侗族自治县侗族体质调查. Acta Anthropologica Sinica 人类学学报, 8(3), 248-254",,,,,,,,,,,,,,,
"Wang, Q., Liu, P., Fan, S., Chen, S. w., & Liao, S. (1983). A preliminary study on physical anthropology of the Yao nationality at Jianghua autonomous county, Hunan 湖南省江华瑶族自治县瑶族体质人类学初步研究. Acta Anthropologica Sinica 人类学学报, 2(4), 359-367",,,,,,,,,,,,,,,
"Pang, Z., Li, P., & Huang, X. (1988). Physical characteristics of the Yao people in Bama County, Guangxi, China 广西巴马县瑶族体质特征. Journal of Youjiang National Medical College 右江民族医学院院报, 10(3-4), 28-33",,,,,,,,,,,,,,,
"Pi, J., Tan, J., Xiang, D., Wei, S., & Wu, Y. (2016). A study of physical anthropology of the Dong people in Hubei Province 湖北侗族的体质人类学. Acta Anthropologica Sinica 人类学学报, 35(4), 598-607.",,,,,,,,,,,,,,,
"Wu, R., & Xia, Y. (1982). Preliminary study of physical morphology of the Yao ethnic group 瑶族体质形态的初步研究. In T. C. A. Society (Ed.), Survey on Physique of Eight Ethnic Groups in China 中国八个民族体质调查报告 (pp. 115-130). Yunnan people's Publishing House",,,,,,,,,,,,,,,
"Zhang, Z., & Zhang, J. (1983). Physical characters of Zhuang nationality in Guangxi 广西壮族体质特征. Acta Anthropologica Sinica 人类学学报, 2(3), 260-271",,,,,,,,,,,,,,,
"Wu, R., Xia, Y., Chen, W., & Guo, C. (1982). Preliminary study of physical morphology of the Dai ethnic group 傣族体质形态的初步研究. In T. C. A. Society (Ed.), Survey on Physique of Eight Ethnic Groups in China 中国八个民族体质调查报告 (pp. 78-87). Yunnan people's Publishing House",,,,,,,,,,,,,,,
"Yu, k., Zheng, L., & Li, Y. (2017). Ethnographic type of Dai in Xishuangbanna:Data from anthropometrics 西双版纳傣族的人种学特点:来自人体测量学的数据. Acta Anthropologica Sinica 人类学学报, 36(4), 553-560.",,,,,,,,,,,,,,,
"Xu, J., & Shao, X. (1985). Anthropological study of physique in the Benglong people 崩龙族的体质人类学研究",,,,,,,,,,,,,,,
"Guo, C., Chen, W., Wei, W., Weng, L., Wang, G., Xia, Y., Wu, R., & Dai, X. (1982). Preliminary study of physical morphology of the Bulang ethnic group 布朗族体质形态的初步研究. In T. C. A. Society (Ed.), Survey on Physique of Eight Ethnic Groups in China  中国八个民族体质调查报告 (pp. 30-48). Yunnan people's Publishing House.",,,,,,,,,,,,,,,
"Yu, K., Jia, Y., & Zheng, L. (2020). Analysis of body composition of Bulang adults 布朗族成人的身体成分分析. Acta Anthropologica Sinica 人类学学报, 39(2), 261-269",,,,,,,,,,,,,,,
"Zhang, X., Yu, K., Yang, Y., Jin, D., Ren, J., Dong, W., Wei, Y., & Zheng, L. (2020). A study of physical characteristics of the Baima people in China 中国白马人的体质特征. Acta Anthropologica Sinica 人类学学报, 39(1), 143-151",,,,,,,,,,,,,,,
"Zhu, F., Zhao, D., Lin, H., Liao, S., Ma, R., Zhou, F., Yang, S., & Lu, W. (1992). The physical characters of the Lai people in Guangxi 广西俫人的体质特征. Acta Anthropologica Sinica 人类学学报, 11(1), 27-33",,,,,,,,,,,,,,,
"Zheng, L., Lu, S., Zhang, X., Luo, D., & Yu, H. (2009). A study of the physical characteristics of the Lhoba and Monba peoples 珞巴族与门巴族的体质特征. Acta Anthropologica Sinica 人类学学报, 28(4), 401-407",,,,,,,,,,,,,,,
"Xiang, X., Du, H., Yu, K., & Zheng, L. (2021). Characteristics and comparison of body composition of the Monba, Lhoba and Sherpa peoples 门巴族、珞巴族与夏尔巴人身体成分特点及比较. Acta Anthropologica Sinica 人类学学报, 40(01), 109-117",,,,,,,,,,,,,,,
"Zeng, X., Dai, F., & Shi, K. (1996). Survey on Physical Fitness of She Adults in Fuan City, Fujian Province, China 福建省福安市畲族成人体质调查报告. Journal of Fujian Medicine 福建医药杂志, 18(5), 211-216",,,,,,,,,,,,,,,
"Cui, J., Zheng, L., & Shen, X. (2004). Anthropological survery on Tatar nationality in Xinjiang Uygur Antonomous Regions 新疆塔塔尔族体质特征调查. Acta Anthropologica Sinica 人类学学报, 23(1), 47-54",,,,,,,,,,,,,,,
"Lu, S., Zheng, L., Suo, L., & Zhao, Z. (2005). A study of the physical characteristics of the Russian nationality 俄罗斯族体质特征分析. Acta Anthropologica Sinica 人类学学报, 24(4), 291-300",,,,,,,,,,,,,,,
"Yu, Y., Ren, G., Rong, J., Luo, Z., Mo, Y., & Qiu, X. (2005). A study on the physical anthropological traits of the Bouyei Nationality in Guizhou 贵州布依族体质人类学研究. Acta Anthropologica Sinica 人类学学报, 24(3), 204-214",,,,,,,,,,,,,,,
"Zheng, L., Lu, S., & Ding, B. (2006). A study on the physical characteristics of Mulam nationality 仫佬族体质特征研究. Acta Anthropologica Sinica 人类学学报, 25(3), 242-250",,,,,,,,,,,,,,,
"Zheng, L., Li, Y., & Xi, H. (2017). Physical Anthropological Study of Han Chinese 中国汉族体质人类学研究. China Science Publishing & Media",,,,,,,,,,,,,,,
"Zheng, L., Song, J. L., Bao, J., Zhang, X., Gong, C., Yan, C., Wang, Z., & Wu, Y. (2012). A Study of the Physical Characteristics of the Han People of Hainan 海南文昌汉族体质特征. Acta Anthropologica Sinica 人类学学报, 31(003), 279-288. ",,,,,,,,,,,,,,,
"Yu, K., Ren, J., Li, Y., & Zheng, L. (2019). Physical characteristics of the Lingao people 临高人的体质特征. Acta Anthropologica Sinica 人类学学报, 38(2), 276-284",,,,,,,,,,,,,,,
"Zheng, L., Lu, S., Luo, D., & Xu, B. (2008). A Study of the Physical Characteristics of the Nu Nationality in Yunnan Province 怒族的体质调查. Acta Anthropologica Sinica 人类学学报(2), 158-166.",,,,,,,,,,,,,,,
"Zheng, L., Lu, S., Xu, B., Luo, D., & Zhang, X. (2008). A Study of the Physical Characteristics of the Derung and Mang Peoples in China 中国独龙族与莽人的体质特征. Acta Anthropologica Sinica 人类学学报, 27(004), 350-358.",,,,,,,,,,,,,,,
"Zheng, L., Lu, S., Yu, H., & Liu, H. (2007). Physical characteristics of the Huangyi Va people in China 佤族的体质特征. Acta Anthropologica Sinica 人类学学报, 26(3), 549-560.",,,,,,,,,,,,,,,
"Li, Y., Zheng, L., Feng, C., Rong, W., Qi, X., & Ni, X. (2015). A Study on the Physical Characteristics of the Gejia in China (革)家人的体质特征. Acta Anthropologica Sinica 人类学学报, 34(2), 234-244",,,,,,,,,,,,,,,
"Zheng, L., Zhang, X., Liu, H., & Lu, S. (2013). A Study on the Physical Characteristics of the Tuvas People of China 中国图瓦人的体质特征. Acta Anthropologica Sinica 人类学学报, 32(2), 182-192.",,,,,,,,,,,,,,,
"Zhang, X., Xiao, Y., Yan, K., Yu, Y., Gao, W., Bao, J., Cheng, Z., Gao, X., Yao, Y. T., Liu, X., & Yu, K. (2024). Physical characteristics of the Manmi people in China 中国曼咪人的体质特征. Acta Anthropologica Sinica 人类学学报, 43(04), 561-573. https://doi.org/10.16359/j.1000-3193/AAS.2024.0051",,,,,,,,,,,,,,,
